Draw Date,One,Two,Three,Four,Five,Six,Jackpot
3-Nov-18,17,15,40,44,32,29,$1.4 Million
31-Oct-18,16,29,15,32,26,19,$1.3 Million
27-Oct-18,10,12,28,39,1,20,$1.2 Million
24-Oct-18,20,9,15,40,1,44,$1.1 Million
20-Oct-18,16,22,17,11,13,40,$1.0 Million
17-Oct-18,39,5,20,10,2,36,$4.4 Million
13-Oct-18,9,19,42,8,12,39,$4.3 Million
10-Oct-18,33,13,4,36,20,40,$4.2 Million
6-Oct-18,42,44,17,35,8,31,$4.1 Million
3-Oct-18,14,1,39,16,40,6,$4.0 Million
29-Sep-18,26,12,28,44,6,4,$3.9 Million
26-Sep-18,37,2,14,31,24,43,$3.8 Million
22-Sep-18,35,37,6,32,38,16,$3.7 Million
19-Sep-18,13,14,26,6,17,18,$3.6 Million
15-Sep-18,23,18,42,34,2,6,$3.5 Million
12-Sep-18,44,29,22,5,6,12,$3.4 Million
8-Sep-18,18,10,28,1,19,15,$3.3 Million
5-Sep-18,42,26,19,23,30,2,$3.2 Million
1-Sep-18,29,39,2,4,22,12,$3.1 Million
29-Aug-18,7,1,23,2,24,10,$3.0 Million
25-Aug-18,42,5,30,28,20,16,$2.9 Million
22-Aug-18,5,38,40,20,13,37,$2.8 Million
18-Aug-18,40,14,27,12,21,33,$2.7 Million
15-Aug-18,33,36,35,29,17,40,$2.6 Million
11-Aug-18,18,14,16,35,15,12,$2.5 Million
8-Aug-18,9,39,29,13,43,42,$2.4 Million
4-Aug-18,16,19,3,31,27,39,$2.3 Million
1-Aug-18,28,31,5,34,20,25,$2.2 Million
28-Jul-18,27,31,3,7,15,28,$2.1 Million
25-Jul-18,30,11,1,25,40,41,$2.0 Million
21-Jul-18,41,31,35,36,34,28,$1.9 Million
18-Jul-18,41,35,40,27,21,2,$1.8 Million
14-Jul-18,12,8,24,5,30,1,$1.7 Million
11-Jul-18,13,34,16,28,36,17,$1.6 Million
7-Jul-18,14,7,18,13,17,37,$1.5 Million
4-Jul-18,31,6,22,9,26,10,$1.4 Million
30-Jun-18,4,16,11,3,26,24,$1.3 Million
27-Jun-18,25,7,10,39,43,34,$1.2 Million
23-Jun-18,40,16,5,20,18,11,$1.1 Million
20-Jun-18,9,5,16,26,37,18,$1.0 Million
16-Jun-18,11,13,4,15,12,30,$2.9 Million
13-Jun-18,43,34,19,6,41,12,$2.8 Million
9-Jun-18,6,16,44,35,5,27,$2.7 Million
6-Jun-18,11,14,36,40,24,13,$2.6 Million
2-Jun-18,34,21,42,7,12,36,$2.5 Million
30-May-18,3,36,25,21,16,43,$2.4 Million
26-May-18,7,15,14,31,23,32,$2.3 Million
23-May-18,20,21,34,42,4,41,$2.2 Million
19-May-18,30,39,27,35,6,19,$2.1 Million
16-May-18,44,31,10,1,20,43,$2.0 Million
12-May-18,40,43,18,20,32,16,$1.9 Million
9-May-18,7,24,3,16,28,31,$1.8 Million
5-May-18,1,2,5,23,10,13,$1.7 Million
2-May-18,24,33,35,14,28,41,$1.6 Million
28-Apr-18,6,26,34,19,8,36,$1.5 Million
25-Apr-18,9,43,28,41,33,35,$1.4 Million
21-Apr-18,6,19,16,8,25,3,$1.3 Million
18-Apr-18,34,30,21,23,10,37,$1.2 Million
14-Apr-18,11,13,4,21,39,40,$1.1 Million
11-Apr-18,44,17,7,26,14,27,$1.0 Million
7-Apr-18,2,35,7,18,16,11,$1.9 Million
4-Apr-18,6,20,17,3,4,7,$1.8 Million
31-Mar-18,26,37,32,21,43,8,$1.7 Million
28-Mar-18,28,37,11,27,2,35,$1.6 Million
24-Mar-18,11,10,26,13,44,21,$1.5 Million
21-Mar-18,20,10,27,25,38,19,$1.4 Million
17-Mar-18,2,40,33,43,23,29,$1.3 Million
14-Mar-18,36,7,28,24,19,13,$1.2 Million
10-Mar-18,34,5,23,19,13,22,$1.1 Million
7-Mar-18,32,13,3,27,7,12,$1.0 Million
3-Mar-18,31,26,4,39,41,24,$1.3 Million
28-Feb-18,25,12,28,8,16,6,$1.2 Million
24-Feb-18,37,7,27,19,24,42,$1.1 Million
21-Feb-18,21,3,1,5,27,8,$1.0 Million
17-Feb-18,8,12,1,25,36,27,$2.4 Million
14-Feb-18,33,11,15,1,43,36,$2.3 Million
10-Feb-18,31,5,28,12,34,4,$2.2 Million
7-Feb-18,29,31,13,12,22,26,$2.1 Million
3-Feb-18,5,35,13,21,30,42,$2.0 Million
31-Jan-18,38,1,33,19,20,37,$1.9 Million
27-Jan-18,38,23,17,31,4,7,$1.8 Million
24-Jan-18,23,40,1,24,27,37,$1.7 Million
20-Jan-18,40,41,6,16,13,44,$1.6 Million
17-Jan-18,17,31,44,16,13,11,$1.5 Million
13-Jan-18,39,31,5,17,18,19,$1.4 Million
10-Jan-18,38,13,7,8,16,10,$1.3 Million
6-Jan-18,31,21,8,36,7,27,$1.2 Million
3-Jan-18,22,29,27,37,19,21,$1.1 Million
30-Dec-17,1,38,3,22,25,4,$1.0 Million
27-Dec-17,33,14,5,11,34,30,$7.3 Million
23-Dec-17,22,23,38,6,11,13,$7.1 Million
20-Dec-17,16,3,5,20,40,39,$6.9 Million
16-Dec-17,22,35,20,29,1,2,$6.7 Million
13-Dec-17,9,7,36,11,25,31,$6.5 Million
9-Dec-17,25,24,36,17,28,38,$6.4 Million
6-Dec-17,20,28,40,7,35,30,$6.3 Million
2-Dec-17,4,41,36,29,7,15,$6.2 Million
29-Nov-17,24,6,27,13,5,36,$6.1 Million
25-Nov-17,31,39,26,20,30,18,$6.0 Million
22-Nov-17,13,21,31,26,16,29,$5.9 Million
18-Nov-17,38,18,33,40,28,44,$5.8 Million
15-Nov-17,6,40,26,21,25,23,$5.7 Million
11-Nov-17,36,19,3,35,32,8,$5.6 Million
8-Nov-17,12,44,39,41,24,28,$5.5 Million
4-Nov-17,4,11,19,41,30,44,$5.4 Million
1-Nov-17,30,4,25,39,22,10,$5.3 Million
28-Oct-17,17,42,31,4,12,34,$5.2 Million
25-Oct-17,39,24,44,4,28,11,$5.1 Million
21-Oct-17,31,7,42,19,24,35,$5.0 Million
18-Oct-17,18,40,22,4,29,42,$4.9 Million
14-Oct-17,4,13,11,40,43,2,$4.8 Million
11-Oct-17,16,27,8,15,35,17,$4.7 Million
7-Oct-17,10,37,18,15,5,26,$4.6 Million
4-Oct-17,19,4,11,21,44,3,$4.5 Million
30-Sep-17,12,35,18,6,17,15,$4.4 Million
27-Sep-17,16,18,17,41,20,27,$4.3 Million
23-Sep-17,2,5,15,12,41,21,$4.2 Million
20-Sep-17,40,17,26,12,28,29,$4.1 Million
16-Sep-17,10,42,5,3,43,19,$4.0 Million
13-Sep-17,8,31,21,37,30,4,$3.9 Million
9-Sep-17,4,35,34,39,16,12,$3.8 Million
6-Sep-17,38,33,1,23,44,41,$3.7 Million
2-Sep-17,7,29,42,38,40,31,$3.6 Million
30-Aug-17,3,17,41,36,44,37,$3.5 Million
26-Aug-17,42,26,43,38,3,12,$3.4 Million
23-Aug-17,4,24,18,3,28,5,$3.3 Million
19-Aug-17,3,32,16,12,42,15,$3.2 Million
16-Aug-17,29,3,25,33,34,31,$3.1 Million
12-Aug-17,24,31,44,8,6,4,$3.0 Million
9-Aug-17,11,6,36,39,12,9,$2.9 Million
5-Aug-17,26,16,17,44,31,33,$2.8 Million
2-Aug-17,2,43,23,37,15,24,$2.7 Million
29-Jul-17,16,4,3,33,38,7,$2.6 Million
26-Jul-17,19,17,5,6,34,20,$2.5 Million
22-Jul-17,24,17,3,34,1,2,$2.4 Million
19-Jul-17,22,3,38,34,41,36,$2.3 Million
15-Jul-17,40,14,34,10,24,1,$2.2 Million
12-Jul-17,17,10,5,42,20,44,$2.1 Million
8-Jul-17,1,6,32,4,36,30,$2.0 Million
5-Jul-17,32,3,16,1,17,25,$1.9 Million
1-Jul-17,26,10,17,12,27,5,$1.8 Million
28-Jun-17,15,42,33,13,41,27,$1.7 Million
24-Jun-17,26,28,40,36,27,16,$1.6 Million
21-Jun-17,21,41,1,32,42,37,$1.5 Million
17-Jun-17,37,33,18,27,26,28,$1.4 Million
14-Jun-17,24,44,3,25,23,31,$1.3 Million
10-Jun-17,13,1,20,22,43,16,$1.2 Million
7-Jun-17,40,39,30,8,28,18,$1.1 Million
3-Jun-17,21,27,44,18,2,19,$1.0 Million
31-May-17,43,6,5,4,8,27,$2.9 Million
27-May-17,10,3,41,37,44,5,$2.8 Million
24-May-17,22,12,19,13,6,16,$2.7 Million
20-May-17,31,21,12,13,39,35,$2.6 Million
17-May-17,13,44,7,43,40,23,$2.5 Million
13-May-17,9,36,33,31,34,15,$2.4 Million
10-May-17,24,3,33,25,30,31,$2.3 Million
6-May-17,32,12,26,21,30,39,$2.2 Million
3-May-17,5,26,12,3,23,36,$2.1 Million
29-Apr-17,14,23,39,8,16,26,$2.0 Million
26-Apr-17,28,10,13,4,38,35,$1.9 Million
22-Apr-17,34,30,26,28,42,33,$1.8 Million
19-Apr-17,36,4,7,22,17,31,$1.7 Million
15-Apr-17,16,26,18,29,19,31,$1.6 Million
12-Apr-17,35,9,4,19,3,44,$1.5 Million
8-Apr-17,24,32,38,18,16,6,$1.4 Million
5-Apr-17,40,31,44,12,32,14,$1.3 Million
1-Apr-17,13,39,31,8,40,18,$1.2 Million
29-Mar-17,17,33,1,36,11,18,$1.1 Million
25-Mar-17,15,27,25,36,13,44,$1.0 Million
22-Mar-17,35,36,12,3,38,31,$1.6 Million
18-Mar-17,20,27,10,15,28,26,$1.5 Million
15-Mar-17,41,29,26,8,6,30,$1.4 Million
11-Mar-17,25,2,26,14,18,30,$1.3 Million
8-Mar-17,12,43,9,18,24,41,$1.2 Million
4-Mar-17,3,22,42,23,6,16,$1.1 Million
1-Mar-17,25,14,15,8,42,39,$1.0 Million
25-Feb-17,4,16,43,1,9,6,$1.3 Million
22-Feb-17,30,40,6,14,8,13,$1.2 Million
18-Feb-17,21,33,44,22,19,26,$1.1 Million
15-Feb-17,39,18,40,37,31,6,$1.0 Million
11-Feb-17,15,20,6,19,26,38,$3.5 Million
8-Feb-17,6,11,38,30,31,10,$3.4 Million
4-Feb-17,19,9,8,37,23,29,$3.3 Million
1-Feb-17,43,20,33,16,10,40,$3.2 Million
28-Jan-17,32,14,18,3,38,23,$3.1 Million
25-Jan-17,40,21,22,34,26,12,$3.0 Million
21-Jan-17,32,19,41,42,16,38,$2.9 Million
18-Jan-17,3,41,42,32,26,20,$2.8 Million
14-Jan-17,7,2,14,31,24,32,$2.7 Million
11-Jan-17,12,38,10,3,15,34,$2.6 Million
7-Jan-17,40,43,12,28,22,1,$2.5 Million
4-Jan-17,17,1,2,20,25,34,$2.4 Million
31-Dec-16,29,16,38,7,12,18,$2.3 Million
28-Dec-16,44,9,24,21,15,43,$2.2 Million
24-Dec-16,32,7,19,30,13,41,$2.1 Million
21-Dec-16,31,20,30,13,29,18,$2.0 Million
17-Dec-16,28,16,31,38,33,4,$1.9 Million
14-Dec-16,29,25,39,13,6,44,$1.8 Million
10-Dec-16,14,18,7,8,24,35,$1.7 Million
7-Dec-16,6,33,21,32,44,15,$1.6 Million
3-Dec-16,42,15,41,7,44,16,$1.5 Million
30-Nov-16,6,30,34,5,18,2,$1.4 Million
26-Nov-16,6,4,26,18,23,30,$1.3 Million
23-Nov-16,40,9,19,2,38,23,$1.2 Million
19-Nov-16,35,38,25,31,43,17,$1.1 Million
16-Nov-16,30,17,8,43,33,10,$1.0 Million
12-Nov-16,28,36,26,43,10,17,$3.5 Million
9-Nov-16,34,25,14,28,41,20,$3.4 Million
5-Nov-16,23,13,21,43,25,8,$3.3 Million
2-Nov-16,4,44,13,2,16,19,$3.2 Million
29-Oct-16,11,24,18,30,27,10,$3.1 Million
26-Oct-16,39,23,22,26,21,33,$3.0 Million
22-Oct-16,16,6,15,8,21,37,$2.9 Million
19-Oct-16,6,21,23,36,29,40,$2.8 Million
15-Oct-16,12,25,42,10,21,16,$2.7 Million
12-Oct-16,37,20,11,34,27,1,$2.6 Million
8-Oct-16,14,10,40,34,11,21,$2.5 Million
5-Oct-16,40,29,26,32,25,16,$2.4 Million
1-Oct-16,26,38,30,33,14,17,$2.3 Million
28-Sep-16,33,3,11,20,12,10,$2.2 Million
24-Sep-16,32,1,40,38,44,42,$2.1 Million
21-Sep-16,5,10,38,21,18,22,$2.0 Million
17-Sep-16,38,27,39,43,33,20,$1.9 Million
14-Sep-16,24,1,37,22,39,40,$1.8 Million
10-Sep-16,34,8,4,2,9,1,$1.7 Million
7-Sep-16,29,35,32,21,27,24,$1.6 Million
3-Sep-16,8,30,18,31,9,37,$1.5 Million
31-Aug-16,32,20,23,43,9,26,$1.4 Million
27-Aug-16,42,29,23,5,12,40,$1.3 Million
24-Aug-16,28,7,35,14,6,9,$1.2 Million
20-Aug-16,37,24,14,38,39,9,$1.1 Million
17-Aug-16,4,24,2,10,15,40,$1.0 Million
13-Aug-16,34,21,15,29,17,38,$3.0 Million
10-Aug-16,38,8,40,3,9,24,$2.9 Million
6-Aug-16,19,34,32,43,18,23,$2.8 Million
3-Aug-16,40,3,28,27,2,13,$2.7 Million
30-Jul-16,11,2,25,22,43,9,$2.6 Million
27-Jul-16,14,8,39,9,21,17,$2.5 Million
23-Jul-16,20,26,29,13,6,35,$2.4 Million
20-Jul-16,19,3,35,37,13,32,$2.3 Million
16-Jul-16,15,28,22,21,38,41,$2.2 Million
13-Jul-16,24,1,28,17,35,37,$2.1 Million
9-Jul-16,16,25,1,24,27,31,$2.0 Million
6-Jul-16,42,21,11,6,24,32,$1.9 Million
2-Jul-16,24,15,1,34,18,35,$1.8 Million
29-Jun-16,18,30,20,23,40,22,$1.7 Million
25-Jun-16,40,8,12,19,23,28,$1.6 Million
22-Jun-16,41,17,34,31,2,30,$1.5 Million
18-Jun-16,4,28,29,2,18,11,$1.4 Million
15-Jun-16,30,1,22,40,39,36,$1.3 Million
11-Jun-16,13,19,12,32,39,42,$1.2 Million
8-Jun-16,3,33,36,14,16,38,$1.1 Million
4-Jun-16,15,1,10,16,40,8,$1.0 Million
1-Jun-16,35,2,37,13,23,22,$1.8 Million
28-May-16,8,36,6,13,32,33,$1.7 Million
25-May-16,32,17,34,10,26,24,$1.6 Million
21-May-16,30,43,42,6,27,39,$1.5 Million
18-May-16,41,5,40,21,30,43,$1.4 Million
14-May-16,8,18,39,25,29,16,$1.3 Million
11-May-16,11,41,35,14,13,22,$1.2 Million
7-May-16,28,8,5,33,40,30,$1.1 Million
4-May-16,13,6,31,19,20,4,$1.0 Million
30-Apr-16,5,32,37,19,24,11,$2.8 Million
27-Apr-16,27,20,13,18,43,11,$2.7 Million
23-Apr-16,19,9,30,38,21,34,$2.6 Million
20-Apr-16,18,34,5,15,31,16,$2.5 Million
16-Apr-16,5,13,22,8,14,11,$2.4 Million
13-Apr-16,19,32,10,15,26,18,$2.3 Million
9-Apr-16,40,1,26,42,35,43,$2.2 Million
6-Apr-16,26,12,8,34,20,24,$2.1 Million
2-Apr-16,21,32,42,19,7,29,$2.0 Million
30-Mar-16,3,32,15,18,36,28,$1.9 Million
26-Mar-16,21,16,36,12,7,38,$1.8 Million
23-Mar-16,20,15,11,14,2,32,$1.7 Million
19-Mar-16,44,21,31,9,7,29,$1.6 Million
16-Mar-16,43,25,24,39,20,22,$1.5 Million
12-Mar-16,26,44,9,6,38,41,$1.4 Million
9-Mar-16,16,25,13,11,8,21,$1.3 Million
5-Mar-16,44,43,29,38,27,33,$1.2 Million
2-Mar-16,41,23,42,43,17,11,$1.1 Million
27-Feb-16,3,27,1,19,2,12,$1.0 Million
24-Feb-16,1,32,25,3,13,8,$3.3 Million
20-Feb-16,39,33,41,14,43,37,$3.2 Million
17-Feb-16,39,19,38,29,44,18,$3.1 Million
13-Feb-16,42,3,43,18,23,2,$3.0 Million
10-Feb-16,44,25,41,7,29,20,$2.9 Million
6-Feb-16,42,23,9,39,25,30,$2.8 Million
3-Feb-16,24,26,18,3,37,44,$2.7 Million
30-Jan-16,24,20,1,2,21,7,$2.6 Million
27-Jan-16,16,44,40,6,28,36,$2.5 Million
23-Jan-16,39,6,22,23,1,5,$2.4 Million
20-Jan-16,40,44,19,10,20,16,$2.3 Million
16-Jan-16,12,29,16,9,23,7,$2.2 Million
13-Jan-16,1,10,17,5,40,3,$2.1 Million
9-Jan-16,40,3,19,43,38,37,$2.0 Million
6-Jan-16,39,32,22,34,37,14,$1.9 Million
2-Jan-16,31,5,4,34,24,43,$1.8 Million
30-Dec-15,12,37,20,27,36,14,$1.7 Million
26-Dec-15,27,18,4,15,40,33,$1.6 Million
23-Dec-15,29,17,21,11,4,23,$1.5 Million
19-Dec-15,37,25,14,41,19,27,$1.4 Million
16-Dec-15,32,33,22,16,6,14,$1.3 Million
12-Dec-15,39,20,29,8,5,40,$1.2 Million
9-Dec-15,25,1,34,26,20,23,$1.1 Million
5-Dec-15,41,3,10,43,18,12,$1.0 Million
2-Dec-15,34,40,25,23,12,42,$4.0 Million
28-Nov-15,8,13,43,35,30,37,$3.9 Million
25-Nov-15,1,5,32,37,19,38,$3.8 Million
21-Nov-15,28,20,3,19,2,6,$3.7 Million
18-Nov-15,22,38,32,28,4,26,$3.6 Million
14-Nov-15,3,13,21,12,25,31,$3.5 Million
11-Nov-15,29,9,4,17,13,44,$3.4 Million
7-Nov-15,25,21,8,42,37,19,$3.3 Million
4-Nov-15,28,5,1,25,14,30,$3.2 Million
31-Oct-15,10,17,12,36,23,4,$3.1 Million
28-Oct-15,26,40,20,38,12,31,$3.0 Million
24-Oct-15,13,6,4,32,18,17,$2.9 Million
21-Oct-15,28,30,33,10,22,2,$2.8 Million
17-Oct-15,14,40,15,36,33,19,$2.7 Million
14-Oct-15,44,4,24,26,37,32,$2.6 Million
10-Oct-15,9,37,14,16,12,4,$2.5 Million
7-Oct-15,12,37,8,34,19,17,$2.4 Million
3-Oct-15,44,20,32,24,14,38,$2.3 Million
30-Sep-15,4,37,44,43,33,25,$2.2 Million
26-Sep-15,42,15,16,20,14,13,$2.1 Million
23-Sep-15,11,1,39,2,35,40,$2.0 Million
19-Sep-15,38,41,32,22,20,19,$1.9 Million
16-Sep-15,40,37,32,23,29,15,$1.8 Million
12-Sep-15,20,33,11,37,4,9,$1.7 Million
9-Sep-15,4,39,23,12,36,41,$1.6 Million
5-Sep-15,32,33,3,39,2,9,$1.5 Million
2-Sep-15,9,44,14,38,10,18,$1.4 Million
29-Aug-15,10,11,35,19,36,7,$1.3 Million
26-Aug-15,24,19,18,21,40,1,$1.2 Million
22-Aug-15,1,10,24,18,11,30,$1.1 Million
19-Aug-15,18,36,42,26,17,22,$1.0 Million
15-Aug-15,22,43,4,12,30,13,$1.1 Million
12-Aug-15,27,25,32,3,2,40,$1.0 Million
8-Aug-15,23,18,34,21,3,4,$5.7 Million
5-Aug-15,39,35,4,12,16,44,$5.6 Million
1-Aug-15,39,34,40,36,8,20,$5.5 Million
29-Jul-15,30,27,16,9,18,43,$5.4 Million
25-Jul-15,33,25,42,29,44,3,$5.3 Million
22-Jul-15,5,23,8,12,40,37,$5.2 Million
18-Jul-15,25,42,24,36,6,40,$5.1 Million
15-Jul-15,20,42,25,22,33,3,$5.0 Million
11-Jul-15,12,28,41,14,37,19,$4.9 Million
8-Jul-15,10,33,1,37,29,20,$4.8 Million
4-Jul-15,42,21,9,6,27,24,$4.7 Million
1-Jul-15,30,16,20,23,43,41,$4.6 Million
27-Jun-15,5,22,41,25,7,10,$4.5 Million
24-Jun-15,28,10,39,32,3,19,$4.4 Million
20-Jun-15,14,10,28,27,6,38,$4.3 Million
17-Jun-15,35,21,12,11,24,16,$4.2 Million
13-Jun-15,34,24,7,21,1,33,$4.1 Million
10-Jun-15,20,29,24,30,14,32,$4.0 Million
6-Jun-15,32,27,34,15,21,25,$3.9 Million
3-Jun-15,2,41,8,19,44,4,$3.8 Million
30-May-15,15,22,13,12,36,8,$3.7 Million
27-May-15,42,16,7,13,35,39,$3.6 Million
23-May-15,9,43,17,41,32,11,$3.5 Million
20-May-15,34,23,18,31,26,10,$3.4 Million
16-May-15,28,19,29,36,1,39,$3.3 Million
13-May-15,21,4,30,41,44,14,$3.2 Million
9-May-15,27,5,12,6,37,26,$3.1 Million
6-May-15,1,43,19,17,27,15,$3.0 Million
2-May-15,11,43,42,27,20,32,$2.9 Million
29-Apr-15,42,2,30,26,17,21,$2.8 Million
25-Apr-15,16,4,8,22,23,20,$2.7 Million
22-Apr-15,15,42,1,29,38,33,$2.6 Million
18-Apr-15,19,10,9,23,13,4,$2.5 Million
15-Apr-15,19,8,15,6,37,22,$2.4 Million
11-Apr-15,31,36,22,41,20,28,$2.3 Million
8-Apr-15,20,37,22,2,26,11,$2.2 Million
4-Apr-15,10,24,17,26,40,23,$2.1 Million
1-Apr-15,8,38,27,12,9,28,$2.0 Million
28-Mar-15,27,31,3,39,29,23,$1.9 Million
25-Mar-15,35,15,8,7,13,31,$1.8 Million
21-Mar-15,39,11,6,41,22,37,$1.7 Million
18-Mar-15,25,31,35,4,42,17,$1.6 Million
14-Mar-15,10,14,43,11,3,36,$1.5 Million
11-Mar-15,38,11,32,18,22,39,$1.4 Million
7-Mar-15,10,30,42,37,11,32,$1.3 Million
4-Mar-15,7,29,8,6,26,10,$1.2 Million
28-Feb-15,22,29,30,37,25,14,$1.1 Million
25-Feb-15,8,10,17,27,26,18,$1.0 Million
21-Feb-15,8,27,16,38,6,30,$2.2 Million
18-Feb-15,15,38,44,2,23,31,$2.1 Million
14-Feb-15,29,11,27,19,12,9,$2.0 Million
11-Feb-15,39,26,11,23,8,42,$1.9 Million
7-Feb-15,18,42,30,15,21,29,$1.8 Million
4-Feb-15,16,38,43,44,11,20,$1.7 Million
31-Jan-15,34,35,44,22,39,8,$1.6 Million
28-Jan-15,8,10,21,11,2,34,$1.5 Million
24-Jan-15,40,20,38,42,19,43,$1.4 Million
21-Jan-15,8,24,1,43,44,42,$1.3 Million
17-Jan-15,42,18,30,40,38,21,$1.2 Million
14-Jan-15,41,42,19,22,32,14,$1.1 Million
10-Jan-15,32,7,44,19,5,41,$1.0 Million
7-Jan-15,35,15,33,9,38,43,$3.6 Million
3-Jan-15,41,8,4,24,11,35,$3.5 Million
31-Dec-14,35,43,36,21,2,6,$3.4 Million
27-Dec-14,23,22,25,2,7,18,$3.3 Million
24-Dec-14,37,1,9,33,32,12,$3.2 Million
20-Dec-14,23,17,44,13,27,34,$3.1 Million
17-Dec-14,12,26,4,21,25,2,$3.0 Million
13-Dec-14,37,39,22,26,4,9,$2.9 Million
10-Dec-14,39,22,2,27,30,43,$2.8 Million
6-Dec-14,13,30,31,32,15,5,$2.7 Million
3-Dec-14,10,11,1,33,14,3,$2.6 Million
29-Nov-14,20,21,12,19,41,1,$2.5 Million
26-Nov-14,4,44,3,29,1,17,$2.4 Million
22-Nov-14,11,18,40,34,9,31,$2.3 Million
19-Nov-14,32,12,9,26,43,6,$2.2 Million
15-Nov-14,35,32,24,7,11,31,$2.1 Million
12-Nov-14,30,26,28,36,9,40,$2.0 Million
8-Nov-14,29,12,28,17,44,24,$1.9 Million
5-Nov-14,13,41,29,20,28,37,$1.8 Million
1-Nov-14,13,5,6,32,12,15,$1.7 Million
29-Oct-14,10,3,21,25,24,18,$1.6 Million
25-Oct-14,23,37,35,6,4,29,$1.5 Million
22-Oct-14,6,23,14,11,13,3,$1.4 Million
18-Oct-14,39,28,21,24,1,18,$1.3 Million
15-Oct-14,23,19,9,1,28,41,$1.2 Million
11-Oct-14,21,13,6,9,23,4,$1.1 Million
8-Oct-14,21,12,15,40,42,14,$1.0 Million
4-Oct-14,19,36,5,14,22,43,$3.8 Million
1-Oct-14,33,32,37,21,20,2,$3.7 Million
27-Sep-14,37,43,6,31,41,23,$3.6 Million
24-Sep-14,15,41,35,21,40,12,$3.5 Million
20-Sep-14,21,43,33,44,18,37,$3.4 Million
17-Sep-14,14,17,9,28,1,42,$3.3 Million
13-Sep-14,15,35,9,30,18,3,$3.2 Million
10-Sep-14,44,34,22,36,25,1,$3.1 Million
6-Sep-14,5,32,20,29,11,7,$3.0 Million
3-Sep-14,37,31,41,43,18,32,$2.9 Million
30-Aug-14,21,2,18,30,38,17,$2.8 Million
27-Aug-14,37,16,41,6,24,2,$2.7 Million
23-Aug-14,1,16,11,32,20,40,$2.6 Million
20-Aug-14,3,26,8,43,12,10,$2.5 Million
16-Aug-14,6,1,44,37,36,8,$2.4 Million
13-Aug-14,20,37,26,40,42,22,$2.3 Million
9-Aug-14,26,9,2,1,18,7,$2.2 Million
6-Aug-14,16,1,4,31,18,32,$2.1 Million
2-Aug-14,38,11,26,37,24,5,$2.0 Million
30-Jul-14,15,42,3,12,33,34,$1.9 Million
26-Jul-14,37,21,9,43,23,6,$1.8 Million
23-Jul-14,19,30,16,26,37,14,$1.7 Million
19-Jul-14,11,7,6,23,37,31,$1.6 Million
16-Jul-14,5,17,7,31,3,19,$1.5 Million
12-Jul-14,40,14,24,21,26,7,$1.4 Million
9-Jul-14,16,20,25,4,35,3,$1.3 Million
5-Jul-14,27,5,30,42,9,15,$1.2 Million
2-Jul-14,29,9,22,40,1,41,$1.1 Million
28-Jun-14,36,33,14,42,15,40,$1.0 Million
25-Jun-14,1,22,41,10,38,42,$3.0 Million
21-Jun-14,30,33,25,32,12,13,$2.9 Million
18-Jun-14,2,15,43,35,39,11,$2.8 Million
14-Jun-14,3,44,13,4,40,12,$2.7 Million
11-Jun-14,23,42,20,35,25,12,$2.6 Million
7-Jun-14,24,5,4,3,39,43,$2.5 Million
4-Jun-14,11,17,21,40,30,25,$2.4 Million
31-May-14,36,44,14,40,7,18,$2.3 Million
28-May-14,44,8,19,39,11,16,$2.2 Million
24-May-14,1,43,42,38,8,37,$2.1 Million
21-May-14,5,11,19,18,1,38,$2.0 Million
17-May-14,12,11,26,28,9,38,$1.9 Million
14-May-14,10,4,22,8,39,44,$1.8 Million
10-May-14,25,10,41,38,20,32,$1.7 Million
7-May-14,23,36,40,30,34,29,$1.6 Million
3-May-14,14,12,32,37,34,6,$1.5 Million
30-Apr-14,38,19,44,35,4,11,$1.4 Million
26-Apr-14,2,6,39,13,27,38,$1.3 Million
23-Apr-14,4,8,39,21,7,13,$1.2 Million
19-Apr-14,17,20,15,3,27,1,$1.1 Million
16-Apr-14,13,44,26,16,23,9,$1.0 Million
12-Apr-14,17,29,13,9,21,3,$2.5 Million
9-Apr-14,9,4,30,13,43,1,$2.4 Million
5-Apr-14,17,20,11,15,3,4,$2.3 Million
2-Apr-14,15,7,31,19,22,13,$2.2 Million
29-Mar-14,42,25,12,34,6,35,$2.1 Million
26-Mar-14,12,9,37,30,2,14,$2.0 Million
22-Mar-14,27,31,21,32,40,4,$1.9 Million
19-Mar-14,28,24,15,42,40,10,$1.8 Million
15-Mar-14,14,18,11,12,6,33,$1.7 Million
12-Mar-14,43,32,1,4,13,3,$1.6 Million
8-Mar-14,38,34,35,1,23,31,$1.5 Million
5-Mar-14,23,26,36,21,40,7,$1.4 Million
1-Mar-14,40,8,15,22,1,18,$1.3 Million
26-Feb-14,19,43,29,39,7,40,$1.2 Million
22-Feb-14,38,27,22,39,16,26,$1.1 Million
19-Feb-14,32,39,44,25,9,19,$1.0 Million
15-Feb-14,40,7,16,11,18,8,$2.3 Million
12-Feb-14,9,12,27,33,15,4,$2.2 Million
8-Feb-14,17,37,11,2,7,12,$2.1 Million
5-Feb-14,40,31,34,4,21,35,$2.0 Million
1-Feb-14,9,20,42,28,15,41,$1.9 Million
29-Jan-14,30,19,26,43,36,41,$1.8 Million
25-Jan-14,34,2,19,38,21,39,$1.7 Million
22-Jan-14,24,43,2,17,14,7,$1.6 Million
18-Jan-14,7,28,29,26,44,13,$1.5 Million
15-Jan-14,2,26,29,6,36,28,$1.4 Million
11-Jan-14,15,26,31,12,43,27,$1.3 Million
8-Jan-14,21,20,44,17,12,25,$1.2 Million
4-Jan-14,5,15,36,33,29,14,$1.1 Million
1-Jan-14,38,27,11,19,3,2,$1.0 Million
28-Dec-13,14,40,23,6,19,15,$3.1 Million
25-Dec-13,11,35,28,39,9,44,$3.0 Million
21-Dec-13,29,8,28,43,5,33,$2.9 Million
18-Dec-13,13,39,20,25,28,27,$2.8 Million
14-Dec-13,17,25,4,8,34,7,$2.7 Million
11-Dec-13,42,34,32,18,26,16,$2.6 Million
7-Dec-13,11,30,34,39,44,32,$2.5 Million
4-Dec-13,5,20,32,31,44,26,$2.4 Million
30-Nov-13,12,38,40,26,18,6,$2.3 Million
27-Nov-13,40,7,37,44,5,19,$2.2 Million
23-Nov-13,8,5,31,32,2,28,$2.1 Million
20-Nov-13,5,39,44,21,33,12,$2.0 Million
16-Nov-13,32,12,43,16,13,28,$1.9 Million
13-Nov-13,16,38,29,24,42,36,$1.8 Million
9-Nov-13,43,19,28,33,38,6,$1.7 Million
6-Nov-13,24,44,16,6,40,39,$1.6 Million
2-Nov-13,28,39,2,6,36,24,$1.5 Million
30-Oct-13,4,16,42,29,26,11,$1.4 Million
26-Oct-13,4,16,5,43,40,8,$1.3 Million
23-Oct-13,43,21,26,22,3,11,$1.2 Million
19-Oct-13,38,2,19,16,40,37,$1.1 Million
16-Oct-13,21,38,22,35,14,32,$1.0 Million
12-Oct-13,13,39,17,29,16,25,$4.7 Million
9-Oct-13,27,6,15,26,5,1,$4.5 Million
5-Oct-13,26,36,20,25,19,35,$4.4 Million
2-Oct-13,44,17,36,26,18,22,$4.3 Million
28-Sep-13,31,29,21,34,7,16,$4.2 Million
25-Sep-13,11,8,42,44,21,37,$4.1 Million
21-Sep-13,10,21,20,32,27,13,$4.0 Million
18-Sep-13,16,33,41,13,40,15,$3.9 Million
14-Sep-13,28,10,5,2,21,30,$3.8 Million
11-Sep-13,5,29,37,7,16,28,$3.7 Million
7-Sep-13,19,31,28,34,18,40,$3.6 Million
4-Sep-13,44,18,27,41,6,38,$3.5 Million
31-Aug-13,34,3,40,26,14,27,$3.4 Million
28-Aug-13,36,34,35,7,25,1,$3.3 Million
24-Aug-13,4,8,44,37,21,18,$3.2 Million
21-Aug-13,32,20,27,7,36,21,$3.1 Million
17-Aug-13,30,19,36,25,4,34,$3.0 Million
14-Aug-13,1,28,42,29,36,10,$2.9 Million
10-Aug-13,25,14,32,7,2,21,$2.8 Million
7-Aug-13,11,37,28,23,27,32,$2.7 Million
3-Aug-13,35,17,11,24,27,28,$2.6 Million
31-Jul-13,21,30,40,22,8,1,$2.5 Million
27-Jul-13,1,24,8,5,4,12,$2.4 Million
24-Jul-13,17,11,12,7,38,28,$2.3 Million
20-Jul-13,19,39,17,32,29,44,$2.2 Million
17-Jul-13,27,31,6,2,16,19,$2.1 Million
13-Jul-13,19,1,38,39,37,14,$2.0 Million
10-Jul-13,30,31,32,19,3,6,$1.9 Million
6-Jul-13,21,27,40,5,42,22,$1.8 Million
3-Jul-13,28,8,34,27,41,4,$1.7 Million
29-Jun-13,28,39,38,15,13,5,$1.6 Million
26-Jun-13,9,27,2,15,26,7,$1.5 Million
22-Jun-13,2,21,8,5,32,14,$1.4 Million
19-Jun-13,11,23,28,2,39,12,$1.3 Million
15-Jun-13,20,40,29,30,31,34,$1.2 Million
12-Jun-13,22,29,33,36,31,12,$1.1 Million
8-Jun-13,26,9,28,20,6,5,$1.0 Million
5-Jun-13,5,41,26,38,7,42,$2.0 Million
1-Jun-13,14,26,35,31,8,18,$1.9 Million
29-May-13,15,31,28,2,43,37,$1.8 Million
25-May-13,29,42,38,6,19,40,$1.7 Million
22-May-13,44,15,3,40,9,2,$1.6 Million
18-May-13,8,23,16,41,22,43,$1.5 Million
15-May-13,44,40,23,17,37,26,$1.4 Million
11-May-13,13,30,17,18,44,41,$1.3 Million
8-May-13,6,25,36,31,1,44,$1.2 Million
4-May-13,44,37,29,2,15,27,$1.1 Million
1-May-13,5,43,37,11,26,29,$1.0 Million
27-Apr-13,14,32,25,3,44,35,$1.1 Million
24-Apr-13,2,38,24,42,17,33,$1.0 Million
20-Apr-13,21,20,24,14,25,35,$2.7 Million
17-Apr-13,11,2,13,8,41,24,$2.6 Million
13-Apr-13,3,33,16,27,41,7,$2.5 Million
10-Apr-13,5,44,2,34,40,24,$2.4 Million
6-Apr-13,28,29,7,20,17,26,$2.3 Million
3-Apr-13,18,2,38,36,21,13,$2.2 Million
30-Mar-13,27,44,3,16,25,21,$2.1 Million
27-Mar-13,31,36,17,28,37,44,$2.0 Million
23-Mar-13,28,11,6,14,40,20,$1.9 Million
20-Mar-13,1,19,10,8,13,18,$1.8 Million
16-Mar-13,5,11,4,44,43,40,$1.7 Million
13-Mar-13,18,32,34,31,36,41,$1.6 Million
9-Mar-13,15,13,7,37,28,24,$1.5 Million
6-Mar-13,33,40,12,30,24,11,$1.4 Million
2-Mar-13,32,7,25,42,40,3,$1.3 Million
27-Feb-13,20,23,42,38,33,21,$1.2 Million
23-Feb-13,27,3,8,39,2,17,$1.1 Million
20-Feb-13,22,8,23,26,27,9,$1.0 Million
16-Feb-13,40,1,27,37,8,36,$2.2 Million
13-Feb-13,10,20,26,13,43,4,$2.1 Million
9-Feb-13,18,30,31,29,19,24,$2.0 Million
6-Feb-13,34,31,1,28,30,41,$1.9 Million
2-Feb-13,31,32,24,5,40,37,$1.8 Million
30-Jan-13,37,32,26,10,30,36,$1.7 Million
26-Jan-13,37,39,32,4,15,26,$1.6 Million
23-Jan-13,41,44,20,22,36,19,$1.5 Million
19-Jan-13,25,34,10,19,9,29,$1.4 Million
16-Jan-13,1,21,5,16,40,41,$1.3 Million
12-Jan-13,36,4,34,35,11,15,$1.2 Million
9-Jan-13,30,18,7,13,21,32,$1.1 Million
5-Jan-13,11,34,30,42,1,24,$1.0 Million
2-Jan-13,18,33,6,17,2,22,$2.3 Million
29-Dec-12,16,41,3,5,35,21,$2.2 Million
26-Dec-12,2,27,12,15,37,9,$2.1 Million
22-Dec-12,13,44,7,38,30,1,$2.0 Million
19-Dec-12,29,18,41,32,42,1,$1.9 Million
15-Dec-12,1,16,13,11,20,17,$1.8 Million
12-Dec-12,36,1,37,29,10,13,$1.7 Million
8-Dec-12,29,43,23,11,12,18,$1.6 Million
5-Dec-12,16,8,38,41,15,31,$1.5 Million
1-Dec-12,9,15,18,36,16,30,$1.4 Million
28-Nov-12,38,27,1,31,2,43,$1.3 Million
24-Nov-12,29,6,17,43,37,35,$1.2 Million
21-Nov-12,5,2,14,9,1,28,$1.1 Million
17-Nov-12,2,38,43,24,42,40,$1.0 Million
14-Nov-12,34,41,12,16,1,4,$4.2 Million
10-Nov-12,5,24,19,26,18,33,$4.1 Million
7-Nov-12,31,33,22,16,21,6,$4.0 Million
3-Nov-12,37,44,15,30,13,32,$3.9 Million
31-Oct-12,8,26,42,24,39,41,$3.8 Million
27-Oct-12,34,12,18,27,1,21,$3.7 Million
24-Oct-12,1,14,34,35,22,3,$3.6 Million
20-Oct-12,28,8,19,25,39,11,$3.5 Million
17-Oct-12,43,13,22,34,36,38,$3.4 Million
13-Oct-12,10,43,28,31,8,4,$3.3 Million
10-Oct-12,43,22,23,44,19,42,$3.2 Million
6-Oct-12,26,30,27,40,35,12,$3.1 Million
3-Oct-12,25,30,19,29,16,10,$3.0 Million
29-Sep-12,9,38,24,29,36,28,$2.9 Million
26-Sep-12,34,18,38,4,16,37,$2.8 Million
22-Sep-12,32,24,30,6,4,29,$2.7 Million
19-Sep-12,30,15,11,17,35,10,$2.6 Million
15-Sep-12,9,37,7,38,24,8,$2.5 Million
12-Sep-12,6,33,27,1,23,42,$2.4 Million
8-Sep-12,17,4,19,32,44,31,$2.3 Million
5-Sep-12,28,22,15,29,35,3,$2.2 Million
1-Sep-12,32,10,43,1,19,25,$2.1 Million
29-Aug-12,16,42,36,41,34,4,$2.0 Million
25-Aug-12,39,24,32,29,41,12,$1.9 Million
22-Aug-12,5,2,34,16,31,29,$1.8 Million
18-Aug-12,10,4,33,22,17,20,$1.7 Million
15-Aug-12,38,4,6,32,11,39,$1.6 Million
11-Aug-12,21,10,36,33,38,29,$1.5 Million
8-Aug-12,3,43,6,27,15,41,$1.4 Million
4-Aug-12,44,27,12,10,16,33,$1.3 Million
1-Aug-12,29,24,20,9,41,10,$1.2 Million
28-Jul-12,6,4,13,31,29,10,$1.1 Million
25-Jul-12,33,3,38,4,13,31,$1.0 Million
21-Jul-12,14,15,38,13,19,2,$2.7 Million
18-Jul-12,19,2,30,9,44,7,$2.6 Million
14-Jul-12,6,35,41,16,22,28,$2.5 Million
11-Jul-12,27,36,9,34,17,8,$2.4 Million
7-Jul-12,6,22,7,26,1,13,$2.3 Million
4-Jul-12,31,35,40,10,5,43,$2.2 Million
30-Jun-12,22,42,27,16,23,36,$2.1 Million
27-Jun-12,19,18,25,20,31,6,$2.0 Million
23-Jun-12,41,23,29,22,30,25,$1.9 Million
20-Jun-12,21,17,13,10,11,16,$1.8 Million
16-Jun-12,37,25,5,13,24,34,$1.7 Million
13-Jun-12,39,29,38,43,5,2,$1.6 Million
9-Jun-12,31,8,3,35,1,30,$1.5 Million
6-Jun-12,12,28,21,16,42,10,$1.4 Million
2-Jun-12,32,7,44,33,16,20,$1.3 Million
30-May-12,14,29,15,44,6,23,$1.2 Million
26-May-12,20,36,35,39,32,14,$1.1 Million
23-May-12,29,4,42,5,31,23,$1.0 Million
19-May-12,11,43,19,29,2,12,$1.5 Million
16-May-12,28,1,35,10,19,25,$1.4 Million
12-May-12,6,38,30,4,43,23,$1.3 Million
9-May-12,23,14,5,32,37,42,$1.2 Million
5-May-12,18,4,29,36,43,21,$1.1 Million
2-May-12,9,40,16,24,38,33,$1.0 Million
28-Apr-12,41,2,22,17,44,31,$1.2 Million
25-Apr-12,13,17,42,43,5,6,$1.1 Million
21-Apr-12,18,13,3,21,16,5,$1.0 Million
18-Apr-12,42,38,25,36,35,22,$2.9 Million
14-Apr-12,27,3,1,29,20,44,$2.8 Million
11-Apr-12,35,3,23,30,11,40,$2.7 Million
7-Apr-12,40,18,4,14,27,42,$2.6 Million
4-Apr-12,44,15,7,5,14,4,$2.5 Million
31-Mar-12,41,43,25,11,24,17,$2.4 Million
28-Mar-12,11,19,37,40,13,38,$2.3 Million
24-Mar-12,21,44,35,36,29,27,$2.2 Million
21-Mar-12,7,44,39,42,8,24,$2.1 Million
17-Mar-12,18,17,9,2,5,29,$2.0 Million
14-Mar-12,26,36,44,12,10,23,$1.9 Million
10-Mar-12,24,9,4,21,42,40,$1.8 Million
7-Mar-12,16,11,26,44,13,36,$1.7 Million
3-Mar-12,5,22,23,44,27,28,$1.6 Million
29-Feb-12,20,6,29,26,41,18,$1.5 Million
25-Feb-12,15,14,10,12,22,41,$1.4 Million
22-Feb-12,3,12,37,35,41,19,$1.3 Million
18-Feb-12,22,34,3,25,35,8,$1.2 Million
15-Feb-12,24,2,15,17,21,43,$1.1 Million
11-Feb-12,35,22,26,21,27,16,$1.0 Million
8-Feb-12,33,31,22,24,40,43,$3.0 Million
4-Feb-12,3,38,16,26,18,1,$2.9 Million
1-Feb-12,25,27,1,39,43,17,$2.8 Million
28-Jan-12,24,11,2,12,42,18,$2.7 Million
25-Jan-12,21,24,4,10,2,43,$2.6 Million
21-Jan-12,27,7,11,23,40,35,$2.5 Million
18-Jan-12,42,10,20,8,4,7,$2.4 Million
14-Jan-12,22,26,1,8,17,7,$2.3 Million
11-Jan-12,8,34,26,40,3,39,$2.2 Million
7-Jan-12,37,14,36,7,34,12,$2.1 Million
4-Jan-12,5,38,12,19,17,26,$2.0 Million
31-Dec-11,11,26,41,40,13,18,$1.9 Million
28-Dec-11,8,41,30,38,21,23,$1.8 Million
24-Dec-11,19,34,10,25,15,16,$1.7 Million
21-Dec-11,21,8,40,37,43,14,$1.6 Million
17-Dec-11,7,37,9,44,17,42,$1.5 Million
14-Dec-11,15,28,6,32,2,25,$1.4 Million
10-Dec-11,33,7,36,4,38,43,$1.3 Million
7-Dec-11,4,3,36,31,2,16,$1.2 Million
3-Dec-11,33,39,12,21,43,31,$1.1 Million
30-Nov-11,5,17,44,24,1,40,$1.0 Million
26-Nov-11,20,37,22,33,31,2,$2.4 Million
23-Nov-11,12,36,32,24,27,43,$2.3 Million
19-Nov-11,22,27,28,44,20,16,$2.2 Million
16-Nov-11,33,2,32,13,39,6,$2.1 Million
12-Nov-11,27,25,17,28,26,12,$2.0 Million
9-Nov-11,12,38,10,40,41,23,$1.9 Million
5-Nov-11,10,1,43,8,42,3,$1.8 Million
2-Nov-11,24,39,5,26,12,37,$1.7 Million
29-Oct-11,6,18,41,35,8,19,$1.6 Million
26-Oct-11,42,33,43,41,25,44,$1.5 Million
22-Oct-11,39,14,15,18,26,28,$1.4 Million
19-Oct-11,24,8,36,12,2,37,$1.3 Million
15-Oct-11,7,36,44,27,13,10,$1.2 Million
12-Oct-11,18,41,10,2,9,15,$1.1 Million
8-Oct-11,4,34,16,36,32,35,$1.0 Million
5-Oct-11,33,27,31,17,4,11,$2.8 Million
1-Oct-11,43,13,10,14,33,32,$2.7 Million
28-Sep-11,2,9,20,44,23,32,$2.6 Million
24-Sep-11,1,25,33,29,32,40,$2.5 Million
21-Sep-11,16,24,41,32,9,3,$2.4 Million
17-Sep-11,40,3,43,24,7,12,$2.3 Million
14-Sep-11,44,23,17,28,10,36,$2.2 Million
10-Sep-11,8,2,30,41,37,11,$2.1 Million
7-Sep-11,23,5,39,7,6,25,$2.0 Million
3-Sep-11,15,20,5,43,41,26,$1.9 Million
31-Aug-11,34,17,24,23,36,7,$1.8 Million
27-Aug-11,26,10,37,14,31,12,$1.7 Million
24-Aug-11,17,20,21,16,40,35,$1.6 Million
20-Aug-11,40,31,32,34,1,16,$1.5 Million
17-Aug-11,8,2,7,36,23,40,$1.4 Million
13-Aug-11,37,26,42,44,32,24,$1.3 Million
10-Aug-11,38,28,3,34,23,16,$1.2 Million
6-Aug-11,22,15,26,19,17,23,$1.1 Million
3-Aug-11,43,38,33,15,22,25,$1.0 Million
30-Jul-11,16,41,1,29,26,24,$1.2 Million
27-Jul-11,29,37,1,3,2,23,$1.1 Million
23-Jul-11,20,5,34,15,33,22,$1.0 Million
20-Jul-11,21,33,35,22,4,37,$1.6 Million
16-Jul-11,37,33,29,26,31,44,$1.5 Million
13-Jul-11,12,33,34,6,7,5,$1.4 Million
9-Jul-11,23,43,8,4,13,12,$1.3 Million
6-Jul-11,17,36,20,30,28,7,$1.2 Million
2-Jul-11,34,16,13,14,21,26,$1.1 Million
29-Jun-11,9,14,17,15,34,25,$1.0 Million
25-Jun-11,10,20,38,30,6,40,$1.9 Million
22-Jun-11,28,6,18,11,24,34,$1.8 Million
18-Jun-11,33,31,15,34,22,12,$1.7 Million
15-Jun-11,8,30,44,23,36,21,$1.6 Million
11-Jun-11,28,41,14,29,40,35,$1.5 Million
8-Jun-11,41,34,10,43,24,7,$1.4 Million
4-Jun-11,40,26,31,44,14,42,$1.3 Million
1-Jun-11,28,31,4,1,34,24,$1.2 Million
28-May-11,30,1,32,39,35,3,$1.1 Million
25-May-11,4,42,24,10,20,40,$1.0 Million
21-May-11,10,12,4,33,32,3,$1.1 Million
18-May-11,30,15,14,38,31,4,$1.0 Million
14-May-11,42,11,13,20,29,40,$1.6 Million
11-May-11,44,22,32,28,23,21,$1.5 Million
7-May-11,13,41,28,40,30,25,$1.4 Million
4-May-11,12,34,24,35,6,10,$1.3 Million
30-Apr-11,43,42,41,40,11,18,$1.2 Million
27-Apr-11,29,4,15,23,27,11,$1.1 Million
23-Apr-11,12,11,17,37,16,41,$1.0 Million
20-Apr-11,14,31,26,5,36,38,$2.8 Million
16-Apr-11,19,35,12,38,18,25,$2.7 Million
13-Apr-11,33,37,44,25,15,31,$2.6 Million
9-Apr-11,37,41,44,25,9,30,$2.5 Million
6-Apr-11,34,20,23,36,17,12,$2.4 Million
2-Apr-11,39,29,18,5,41,22,$2.3 Million
30-Mar-11,42,38,4,5,12,22,$2.2 Million
26-Mar-11,26,41,12,22,7,23,$2.1 Million
23-Mar-11,19,18,6,20,26,8,$2.0 Million
19-Mar-11,43,2,15,37,8,13,$1.9 Million
16-Mar-11,1,12,26,34,17,6,$1.8 Million
12-Mar-11,17,23,19,37,43,2,$1.7 Million
9-Mar-11,10,24,17,27,41,1,$1.6 Million
5-Mar-11,28,24,38,12,41,31,$1.5 Million
2-Mar-11,39,32,17,16,22,1,$1.4 Million
26-Feb-11,21,7,18,27,37,24,$1.3 Million
23-Feb-11,19,8,37,26,40,34,$1.2 Million
19-Feb-11,33,13,7,44,5,11,$1.1 Million
16-Feb-11,7,34,37,43,21,14,$1.0 Million
12-Feb-11,6,9,13,3,1,43,$1.5 Million
9-Feb-11,12,27,18,6,1,7,$1.4 Million
5-Feb-11,43,20,31,30,5,3,$1.3 Million
2-Feb-11,26,44,30,3,32,17,$1.2 Million
29-Jan-11,15,7,10,8,14,18,$1.1 Million
26-Jan-11,3,15,42,11,44,33,$1.0 Million
22-Jan-11,30,34,27,29,44,28,$4.2 Million
19-Jan-11,25,29,17,4,24,30,$4.0 Million
15-Jan-11,14,3,42,20,4,31,$3.9 Million
12-Jan-11,32,5,36,44,27,26,$3.7 Million
8-Jan-11,2,10,36,43,38,17,$3.6 Million
5-Jan-11,7,1,40,14,37,13,$3.5 Million
1-Jan-11,5,17,43,9,26,2,$3.4 Million
29-Dec-10,38,42,11,13,24,18,$3.3 Million
25-Dec-10,5,28,29,39,36,7,$3.2 Million
22-Dec-10,15,10,25,28,6,14,$3.1 Million
18-Dec-10,15,41,10,32,38,23,$3.0 Million
15-Dec-10,34,40,19,38,21,12,$2.9 Million
11-Dec-10,18,8,13,31,30,9,$2.8 Million
8-Dec-10,15,11,30,35,43,37,$2.7 Million
4-Dec-10,2,40,39,5,12,10,$2.6 Million
1-Dec-10,29,18,26,23,3,15,$2.5 Million
27-Nov-10,40,28,26,27,14,44,$2.4 Million
24-Nov-10,25,5,22,11,18,33,$2.3 Million
20-Nov-10,3,39,10,42,21,33,$2.2 Million
17-Nov-10,2,1,41,30,23,14,$2.1 Million
13-Nov-10,31,21,9,4,19,22,$2.0 Million
10-Nov-10,8,33,24,40,30,2,$1.9 Million
6-Nov-10,29,25,4,13,31,42,$1.8 Million
3-Nov-10,13,2,12,36,24,16,$1.7 Million
30-Oct-10,8,23,11,17,35,14,$1.6 Million
27-Oct-10,38,33,7,27,17,28,$1.5 Million
23-Oct-10,43,16,1,28,36,33,$1.4 Million
20-Oct-10,15,39,42,22,35,2,$1.3 Million
16-Oct-10,16,40,21,42,2,5,$1.2 Million
13-Oct-10,29,17,37,38,22,44,$1.1 Million
9-Oct-10,9,41,29,35,18,12,$1.0 Million
6-Oct-10,14,17,36,33,9,27,$4.9 Million
2-Oct-10,10,28,39,21,38,6,$4.8 Million
29-Sep-10,22,9,11,31,6,29,$4.7 Million
25-Sep-10,38,40,39,26,41,19,$4.5 Million
22-Sep-10,9,8,36,4,13,5,$4.3 Million
18-Sep-10,26,40,1,37,39,12,$4.2 Million
15-Sep-10,5,17,3,25,30,24,$4.0 Million
11-Sep-10,2,7,3,1,21,39,$3.8 Million
8-Sep-10,30,28,9,11,23,37,$3.7 Million
4-Sep-10,40,19,5,11,36,3,$3.6 Million
1-Sep-10,16,15,7,29,14,25,$3.5 Million
28-Aug-10,16,12,23,43,14,28,$3.4 Million
25-Aug-10,26,28,27,10,12,3,$3.3 Million
21-Aug-10,42,14,32,24,12,31,$3.2 Million
18-Aug-10,39,5,27,34,35,22,$3.1 Million
14-Aug-10,28,12,24,41,26,22,$3.0 Million
11-Aug-10,26,41,42,25,5,31,$2.9 Million
7-Aug-10,42,30,28,15,11,13,$2.8 Million
4-Aug-10,13,12,23,21,27,1,$2.7 Million
31-Jul-10,37,17,11,27,40,23,$2.6 Million
28-Jul-10,33,1,24,28,6,2,$2.5 Million
24-Jul-10,37,42,17,16,35,7,$2.4 Million
21-Jul-10,3,44,33,16,42,10,$2.3 Million
17-Jul-10,5,35,2,28,18,26,$2.2 Million
14-Jul-10,2,3,44,31,13,41,$2.1 Million
10-Jul-10,27,29,17,32,43,40,$2.0 Million
7-Jul-10,21,25,14,24,34,6,$1.9 Million
3-Jul-10,22,25,4,29,13,8,$1.8 Million
30-Jun-10,29,8,15,36,40,11,$1.7 Million
26-Jun-10,16,42,27,7,14,40,$1.6 Million
23-Jun-10,35,9,11,2,6,4,$1.5 Million
19-Jun-10,18,4,40,35,39,30,$1.4 Million
16-Jun-10,1,4,40,9,44,32,$1.3 Million
12-Jun-10,16,8,32,41,36,27,$1.2 Million
9-Jun-10,30,9,26,21,34,7,$1.1 Million
5-Jun-10,29,14,5,24,1,15,$1.0 Million
2-Jun-10,18,23,7,28,10,11,$2.3 Million
29-May-10,5,30,34,7,41,11,$2.2 Million
26-May-10,44,32,16,12,10,33,$2.1 Million
22-May-10,38,13,35,18,19,33,$2.0 Million
19-May-10,16,5,8,40,42,11,$1.9 Million
15-May-10,17,18,33,37,31,44,$1.8 Million
12-May-10,7,13,41,17,36,21,$1.7 Million
8-May-10,18,35,15,28,22,10,$1.6 Million
5-May-10,39,19,15,43,5,33,$1.5 Million
1-May-10,14,23,28,31,35,38,$1.4 Million
28-Apr-10,20,23,14,22,34,10,$1.3 Million
24-Apr-10,5,25,10,4,32,36,$1.2 Million
21-Apr-10,14,4,5,25,23,33,$1.1 Million
17-Apr-10,14,36,25,43,22,13,$1.0 Million
14-Apr-10,11,36,23,43,34,28,$5.5 Million
10-Apr-10,8,33,21,20,11,23,$5.3 Million
7-Apr-10,11,10,1,20,16,43,$5.1 Million
3-Apr-10,28,35,25,4,24,19,$4.9 Million
31-Mar-10,21,24,8,42,3,17,$4.7 Million
27-Mar-10,27,41,18,36,14,32,$4.4 Million
24-Mar-10,40,1,36,33,6,31,$4.1 Million
20-Mar-10,24,1,15,6,29,41,$4.0 Million
17-Mar-10,24,9,35,30,18,14,$3.9 Million
13-Mar-10,8,28,6,31,16,36,$3.8 Million
10-Mar-10,34,33,11,39,24,19,$3.6 Million
6-Mar-10,22,34,20,27,9,25,$3.4 Million
3-Mar-10,4,13,26,39,18,30,$3.3 Million
27-Feb-10,7,20,21,10,40,18,$3.1 Million
24-Feb-10,24,5,8,25,43,18,$2.9 Million
20-Feb-10,7,43,9,21,12,14,$2.8 Million
17-Feb-10,16,35,40,4,23,30,$2.7 Million
13-Feb-10,37,16,5,38,31,40,$2.6 Million
10-Feb-10,27,7,3,24,17,10,$2.5 Million
6-Feb-10,12,23,17,19,44,20,$2.4 Million
3-Feb-10,32,39,18,43,22,40,$2.3 Million
30-Jan-10,28,27,13,33,3,35,$2.2 Million
27-Jan-10,12,21,39,30,15,8,$2.1 Million
23-Jan-10,7,6,31,13,43,25,$2.0 Million
20-Jan-10,13,28,21,2,33,43,$1.9 Million
16-Jan-10,19,31,23,36,17,44,$1.8 Million
13-Jan-10,23,3,31,6,34,28,$1.7 Million
9-Jan-10,33,32,36,41,19,40,$1.6 Million
6-Jan-10,35,19,38,44,17,32,$1.5 Million
2-Jan-10,41,36,24,30,1,34,$1.4 Million
30-Dec-09,32,41,14,15,12,30,$1.3 Million
26-Dec-09,31,2,37,34,22,29,$1.2 Million
23-Dec-09,1,6,23,33,8,11,$1.1 Million
19-Dec-09,31,4,27,38,3,8,$1.0 Million
16-Dec-09,10,17,1,5,15,22,$2.7 Million
12-Dec-09,13,40,42,37,9,28,$2.6 Million
9-Dec-09,22,35,23,24,26,18,$2.5 Million
5-Dec-09,33,17,24,43,12,35,$2.4 Million
2-Dec-09,16,31,32,43,5,21,$2.3 Million
28-Nov-09,6,29,8,23,31,11,$2.2 Million
25-Nov-09,32,28,25,17,9,43,$2.1 Million
21-Nov-09,26,19,2,6,31,33,$2.0 Million
18-Nov-09,7,14,29,36,35,15,$1.9 Million
14-Nov-09,40,18,13,12,10,42,$1.8 Million
11-Nov-09,28,9,27,1,14,3,$1.7 Million
7-Nov-09,5,36,8,35,38,43,$1.6 Million
4-Nov-09,43,39,40,2,11,29,$1.5 Million
31-Oct-09,20,37,41,1,16,39,$1.4 Million
28-Oct-09,21,43,7,31,24,3,$1.3 Million
24-Oct-09,11,21,22,39,9,17,$1.2 Million
21-Oct-09,43,36,15,8,32,7,$1.1 Million
17-Oct-09,27,31,15,36,35,8,$1.0 Million
14-Oct-09,42,3,19,7,18,27,$1.1 Million
10-Oct-09,15,25,41,11,27,36,$1.0 Million
7-Oct-09,37,40,14,11,34,38,$2.0 Million
3-Oct-09,13,34,36,43,18,16,$1.9 Million
30-Sep-09,4,9,37,20,26,12,$1.8 Million
26-Sep-09,26,38,33,12,22,31,$1.7 Million
23-Sep-09,38,14,7,27,6,12,$1.6 Million
19-Sep-09,39,13,9,16,35,21,$1.5 Million
16-Sep-09,13,21,23,15,18,24,$1.4 Million
12-Sep-09,41,17,30,24,6,15,$1.3 Million
9-Sep-09,2,8,13,25,10,16,$1.2 Million
5-Sep-09,6,44,34,14,30,33,$1.1 Million
2-Sep-09,23,31,4,18,2,34,$1.0 Million
29-Aug-09,21,36,23,35,26,38,$4.4 Million
26-Aug-09,6,37,18,3,21,7,$4.2 Million
22-Aug-09,24,43,9,6,5,42,$3.9 Million
19-Aug-09,10,8,32,9,40,17,$3.7 Million
15-Aug-09,43,29,41,4,5,3,$3.5 Million
12-Aug-09,40,27,34,19,8,7,$3.3 Million
8-Aug-09,24,35,11,26,17,20,$3.1 Million
5-Aug-09,32,7,30,39,38,24,$2.9 Million
1-Aug-09,37,21,19,2,44,3,$2.7 Million
29-Jul-09,41,26,28,42,5,13,$2.6 Million
25-Jul-09,24,32,42,2,23,12,$2.5 Million
22-Jul-09,26,41,11,28,3,12,$2.4 Million
18-Jul-09,14,6,17,28,22,31,$2.3 Million
15-Jul-09,26,34,32,43,20,17,$2.2 Million
11-Jul-09,21,35,20,40,12,18,$2.1 Million
8-Jul-09,8,42,2,40,28,16,$2.0 Million
4-Jul-09,2,43,9,37,15,16,$1.9 Million
1-Jul-09,20,22,5,40,37,31,$1.8 Million
27-Jun-09,31,34,2,38,21,4,$1.7 Million
24-Jun-09,23,18,34,19,27,1,$1.6 Million
20-Jun-09,36,29,16,23,30,15,$1.5 Million
17-Jun-09,32,21,25,13,5,22,$1.4 Million
13-Jun-09,22,24,12,5,28,14,$1.3 Million
10-Jun-09,9,4,36,18,17,34,$1.2 Million
6-Jun-09,7,12,1,9,43,6,$1.1 Million
3-Jun-09,38,12,39,1,30,4,$1.0 Million
30-May-09,21,28,44,34,14,41,$1.3 Million
27-May-09,20,34,39,30,37,25,$1.2 Million
23-May-09,8,32,39,25,21,3,$1.1 Million
20-May-09,14,8,7,32,2,21,$1.0 Million
16-May-09,19,42,5,4,8,2,$2.0 Million
13-May-09,37,20,16,9,42,23,$1.9 Million
9-May-09,1,9,17,7,25,42,$1.8 Million
6-May-09,17,25,37,20,31,19,$1.7 Million
2-May-09,18,31,30,9,41,12,$1.6 Million
29-Apr-09,10,20,42,9,16,18,$1.5 Million
25-Apr-09,34,11,37,29,39,22,$1.4 Million
22-Apr-09,5,40,23,9,14,21,$1.3 Million
18-Apr-09,3,38,20,19,13,14,$1.2 Million
15-Apr-09,8,15,36,14,1,11,$1.1 Million
11-Apr-09,38,5,26,29,33,3,$1.0 Million
8-Apr-09,25,22,26,15,2,30,$1.1 Million
4-Apr-09,3,40,21,1,31,42,$1.0 Million
1-Apr-09,4,24,38,1,21,5,$1.7 Million
28-Mar-09,37,4,22,44,27,6,$1.6 Million
25-Mar-09,16,33,9,15,28,34,$1.5 Million
21-Mar-09,20,6,41,24,4,1,$1.4 Million
18-Mar-09,23,34,28,39,33,18,$1.3 Million
14-Mar-09,28,31,5,9,25,40,$1.2 Million
11-Mar-09,7,16,9,24,35,44,$1.1 Million
7-Mar-09,2,14,23,27,33,28,$1.0 Million
4-Mar-09,30,44,39,32,6,19,$1.9 Million
28-Feb-09,11,44,14,40,7,16,$1.8 Million
25-Feb-09,25,36,3,21,11,24,$1.7 Million
21-Feb-09,4,29,6,32,35,19,$1.6 Million
18-Feb-09,36,3,24,41,5,39,$1.5 Million
14-Feb-09,28,40,33,21,29,34,$1.4 Million
11-Feb-09,17,31,25,11,12,21,$1.3 Million
7-Feb-09,10,25,16,42,19,33,$1.2 Million
4-Feb-09,12,34,21,28,6,41,$1.1 Million
31-Jan-09,39,5,37,31,6,23,$1.0 Million
28-Jan-09,11,16,19,9,44,25,$1.6 Million
24-Jan-09,41,13,17,22,8,9,$1.5 Million
21-Jan-09,3,20,40,27,35,26,$1.4 Million
17-Jan-09,30,25,42,36,11,21,$1.3 Million
14-Jan-09,16,43,39,35,15,34,$1.2 Million
10-Jan-09,27,13,14,33,15,31,$1.1 Million
7-Jan-09,38,29,18,3,26,21,$1.0 Million
3-Jan-09,25,5,23,32,21,27,$1.6 Million
31-Dec-08,8,29,26,3,11,7,$1.5 Million
27-Dec-08,12,3,42,7,8,35,$1.4 Million
24-Dec-08,39,2,22,27,21,12,$1.3 Million
20-Dec-08,35,26,24,27,1,33,$1.2 Million
17-Dec-08,3,35,8,7,40,39,$1.1 Million
13-Dec-08,41,30,8,24,2,4,$1.0 Million
10-Dec-08,21,5,37,30,41,9,$1.4 Million
6-Dec-08,6,20,25,28,17,1,$1.3 Million
3-Dec-08,30,28,11,2,32,34,$1.2 Million
29-Nov-08,15,28,14,1,19,16,$1.1 Million
26-Nov-08,5,16,24,20,42,34,$1.0 Million
22-Nov-08,27,18,30,25,22,12,$1.4 Million
19-Nov-08,10,12,32,5,37,17,$1.3 Million
15-Nov-08,2,16,40,26,9,17,$1.2 Million
12-Nov-08,11,43,30,41,3,18,$1.1 Million
8-Nov-08,21,43,11,8,40,26,$1.0 Million
5-Nov-08,42,20,31,35,24,26,$1.7 Million
1-Nov-08,41,36,4,37,20,3,$1.6 Million
29-Oct-08,11,4,28,42,2,26,$1.5 Million
25-Oct-08,33,12,11,10,5,42,$1.4 Million
22-Oct-08,1,8,5,35,18,2,$1.3 Million
18-Oct-08,3,7,21,17,43,34,$1.2 Million
15-Oct-08,6,18,22,4,30,16,$1.1 Million
11-Oct-08,19,28,25,1,41,4,$1.0 Million
8-Oct-08,11,29,33,16,18,32,$1.0 Million
4-Oct-08,8,38,16,37,19,29,$1.2 Million
1-Oct-08,10,24,13,31,3,26,$1.1 Million
27-Sep-08,13,34,18,30,19,9,$1.0 Million
24-Sep-08,30,38,19,16,37,11,$1.0 Million
20-Sep-08,16,41,39,31,33,9,$2.3 Million
17-Sep-08,19,37,27,29,43,40,$2.2 Million
13-Sep-08,39,22,17,13,18,21,$2.1 Million
10-Sep-08,30,27,36,41,37,24,$2.0 Million
6-Sep-08,37,40,17,8,28,33,$1.9 Million
3-Sep-08,23,39,44,30,41,43,$1.8 Million
30-Aug-08,42,34,33,5,15,32,$1.7 Million
27-Aug-08,32,25,36,20,6,12,$1.6 Million
23-Aug-08,28,17,4,44,35,2,$1.5 Million
20-Aug-08,15,38,24,10,41,40,$1.4 Million
16-Aug-08,4,38,41,5,9,7,$1.3 Million
13-Aug-08,14,24,39,5,17,31,$1.2 Million
9-Aug-08,31,23,33,6,34,37,$1.1 Million
6-Aug-08,13,18,26,37,30,41,$1.0 Million
2-Aug-08,23,40,30,4,18,15,$4.9 Million
30-Jul-08,20,29,42,16,21,41,$4.6 Million
26-Jul-08,28,22,24,33,38,12,$4.4 Million
23-Jul-08,31,42,25,8,7,30,$4.2 Million
19-Jul-08,16,29,35,18,41,9,$4.0 Million
16-Jul-08,1,39,9,17,36,20,$3.8 Million
12-Jul-08,23,19,44,38,18,4,$3.6 Million
9-Jul-08,6,26,1,41,34,38,$3.5 Million
5-Jul-08,44,27,8,13,12,34,$3.3 Million
2-Jul-08,31,9,40,34,7,4,$3.1 Million
28-Jun-08,12,44,2,11,28,1,$2.9 Million
25-Jun-08,8,22,43,10,9,18,$2.7 Million
21-Jun-08,34,6,41,25,21,17,$2.5 Million
18-Jun-08,11,19,36,42,13,35,$2.4 Million
14-Jun-08,22,6,7,33,41,30,$2.3 Million
11-Jun-08,22,25,36,18,2,17,$2.2 Million
7-Jun-08,37,27,25,15,3,23,$2.1 Million
4-Jun-08,9,5,32,22,8,14,$2.0 Million
31-May-08,22,17,25,19,21,41,$1.9 Million
28-May-08,22,44,32,27,26,11,$1.8 Million
24-May-08,42,11,28,20,34,44,$1.7 Million
21-May-08,21,43,23,8,26,29,$1.6 Million
17-May-08,27,20,39,40,24,7,$1.5 Million
14-May-08,8,32,30,43,25,10,$1.4 Million
10-May-08,18,12,40,23,11,39,$1.3 Million
7-May-08,19,40,1,11,12,27,$1.2 Million
3-May-08,13,4,32,20,39,38,$1.1 Million
30-Apr-08,30,3,42,17,11,18,$1.0 Million
26-Apr-08,8,1,12,5,6,42,$2.2 Million
23-Apr-08,42,2,11,26,29,8,$2.1 Million
19-Apr-08,21,43,6,41,26,42,$2.0 Million
16-Apr-08,38,19,8,6,20,17,$1.9 Million
12-Apr-08,1,24,8,21,17,31,$1.8 Million
9-Apr-08,35,38,27,22,2,16,$1.7 Million
5-Apr-08,23,30,44,42,7,15,$1.6 Million
2-Apr-08,42,16,33,21,14,28,$1.5 Million
29-Mar-08,8,41,16,7,38,1,$1.4 Million
26-Mar-08,27,34,39,31,43,22,$1.3 Million
22-Mar-08,16,32,21,5,36,27,$1.2 Million
19-Mar-08,6,5,12,34,18,23,$1.1 Million
15-Mar-08,26,42,30,3,39,15,$1.0 Million
12-Mar-08,23,8,1,17,27,37,$1.7 Million
8-Mar-08,33,43,37,27,32,16,$1.6 Million
5-Mar-08,10,42,6,18,38,22,$1.5 Million
1-Mar-08,7,20,13,43,25,29,$1.4 Million
27-Feb-08,28,18,30,42,20,12,$1.3 Million
23-Feb-08,12,8,22,31,33,38,$1.2 Million
20-Feb-08,37,26,29,35,43,10,$1.1 Million
16-Feb-08,11,35,33,23,28,32,$1.0 Million
13-Feb-08,43,21,20,9,5,24,$2.3 Million
9-Feb-08,30,1,36,25,11,21,$2.2 Million
6-Feb-08,10,26,16,40,42,3,$2.1 Million
2-Feb-08,9,16,39,10,1,4,$2.0 Million
30-Jan-08,7,17,22,10,24,13,$1.9 Million
26-Jan-08,43,9,24,30,15,33,$1.8 Million
23-Jan-08,44,4,33,21,15,1,$1.7 Million
19-Jan-08,26,44,40,13,8,39,$1.6 Million
16-Jan-08,37,39,9,41,32,10,$1.5 Million
12-Jan-08,8,31,27,18,33,7,$1.4 Million
9-Jan-08,6,24,8,10,17,5,$1.3 Million
5-Jan-08,40,25,31,22,38,27,$1.2 Million
2-Jan-08,39,24,33,18,21,42,$1.1 Million
29-Dec-07,26,7,34,28,27,29,$1.0 Million
26-Dec-07,33,39,29,35,1,17,$1.4 Million
22-Dec-07,28,19,2,7,36,25,$1.3 Million
19-Dec-07,43,8,31,18,1,24,$1.2 Million
15-Dec-07,19,1,43,25,31,17,$1.1 Million
12-Dec-07,24,35,10,40,36,2,$1.0 Million
8-Dec-07,34,14,10,37,12,18,$3.1 Million
5-Dec-07,24,19,4,34,28,9,$2.9 Million
1-Dec-07,35,17,19,24,23,31,$2.8 Million
28-Nov-07,24,7,40,26,38,2,$2.5 Million
24-Nov-07,25,13,8,17,35,27,$2.4 Million
21-Nov-07,39,14,27,19,20,33,$2.3 Million
17-Nov-07,13,33,26,36,38,22,$2.2 Million
14-Nov-07,26,17,15,44,13,7,$2.1 Million
10-Nov-07,38,43,25,39,8,6,$2.0 Million
7-Nov-07,21,35,22,31,13,14,$1.9 Million
3-Nov-07,1,24,43,33,10,22,$1.8 Million
31-Oct-07,38,40,4,5,44,43,$1.7 Million
27-Oct-07,35,8,33,2,42,9,$1.6 Million
24-Oct-07,22,4,18,1,39,20,$1.5 Million
20-Oct-07,41,11,18,26,4,3,$1.4 Million
17-Oct-07,34,29,12,2,25,28,$1.3 Million
13-Oct-07,31,12,18,15,44,1,$1.2 Million
10-Oct-07,36,32,5,22,14,30,$1.1 Million
6-Oct-07,7,28,19,12,13,27,$1.0 Million
3-Oct-07,44,27,34,11,36,17,$1.3 Million
29-Sep-07,17,37,14,8,5,7,$1.2 Million
26-Sep-07,20,40,5,33,11,30,$1.1 Million
22-Sep-07,26,29,5,42,33,18,$1.0 Million
19-Sep-07,1,42,16,34,15,29,$1.4 Million
15-Sep-07,21,37,6,42,18,44,$1.3 Million
12-Sep-07,7,28,12,1,41,23,$1.2 Million
8-Sep-07,8,23,41,14,12,35,$1.1 Million
5-Sep-07,8,37,1,24,39,25,$1.0 Million
1-Sep-07,23,5,41,27,34,43,$2.6 Million
29-Aug-07,24,18,10,26,27,21,$2.3 Million
25-Aug-07,23,19,24,41,38,8,$2.1 Million
22-Aug-07,32,25,22,2,7,8,$2.0 Million
18-Aug-07,41,15,2,36,28,30,$1.9 Million
15-Aug-07,10,6,7,8,37,15,$1.8 Million
11-Aug-07,16,23,33,17,15,35,$1.7 Million
8-Aug-07,18,4,36,15,12,24,$1.6 Million
4-Aug-07,20,12,42,28,30,44,$1.5 Million
1-Aug-07,6,43,38,32,12,18,$1.4 Million
28-Jul-07,12,16,29,7,44,40,$1.3 Million
25-Jul-07,35,42,20,23,7,6,$1.2 Million
21-Jul-07,27,26,10,39,8,34,$1.1 Million
18-Jul-07,5,14,32,28,6,34,$1.0 Million
14-Jul-07,35,2,42,29,6,25,$1.8 Million
11-Jul-07,31,16,1,34,3,43,$1.7 Million
7-Jul-07,35,6,27,10,17,28,$1.6 Million
4-Jul-07,6,40,44,17,35,20,$1.5 Million
30-Jun-07,8,19,42,3,10,7,$1.4 Million
27-Jun-07,25,33,23,3,22,32,$1.3 Million
23-Jun-07,38,26,10,13,27,15,$1.2 Million
20-Jun-07,24,2,39,34,37,18,$1.1 Million
16-Jun-07,18,43,26,15,41,12,$1.0 Million
13-Jun-07,24,31,26,33,40,41,$1.8 Million
9-Jun-07,17,38,32,37,2,16,$1.7 Million
6-Jun-07,25,21,12,32,26,38,$1.6 Million
2-Jun-07,3,7,33,20,42,41,$1.5 Million
30-May-07,22,16,43,44,41,39,$1.4 Million
26-May-07,25,41,34,43,30,9,$1.3 Million
23-May-07,35,22,31,28,24,41,$1.2 Million
19-May-07,35,1,27,28,20,6,$1.1 Million
16-May-07,41,1,23,33,31,32,$1.0 Million
12-May-07,19,29,18,35,2,3,$1.5 Million
9-May-07,25,24,12,38,18,31,$1.4 Million
5-May-07,20,8,36,33,1,41,$1.3 Million
2-May-07,10,16,39,28,19,8,$1.2 Million
28-Apr-07,3,24,11,2,38,13,$1.1 Million
25-Apr-07,23,30,13,3,41,17,$1.0 Million
21-Apr-07,37,18,6,44,12,29,$7.6 Million
18-Apr-07,6,36,23,25,34,14,$7.3 Million
14-Apr-07,33,6,39,29,36,15,$7.0 Million
11-Apr-07,32,18,16,41,10,43,$6.7 Million
7-Apr-07,17,12,33,43,42,18,$6.3 Million
4-Apr-07,39,21,41,7,34,40,$5.9 Million
31-Mar-07,23,17,29,2,1,9,$5.6 Million
28-Mar-07,10,8,30,13,14,16,$5.3 Million
24-Mar-07,14,9,18,12,11,38,$5.0 Million
21-Mar-07,1,3,42,2,32,4,$4.7 Million
17-Mar-07,7,25,21,10,18,22,$4.5 Million
14-Mar-07,31,9,6,7,33,16,$4.3 Million
10-Mar-07,27,7,13,2,10,34,$4.0 Million
7-Mar-07,39,42,35,9,44,8,$3.8 Million
3-Mar-07,30,12,7,19,40,18,$3.6 Million
28-Feb-07,21,3,28,14,7,40,$3.4 Million
24-Feb-07,35,38,39,24,16,33,$3.2 Million
21-Feb-07,19,37,42,28,43,16,$3.0 Million
17-Feb-07,39,12,25,18,30,2,$2.8 Million
14-Feb-07,28,29,44,39,35,36,$2.6 Million
10-Feb-07,33,30,19,34,17,25,$2.4 Million
7-Feb-07,44,31,40,6,21,30,$2.2 Million
3-Feb-07,44,15,34,21,23,24,$2.1 Million
31-Jan-07,20,41,18,16,35,43,$2.0 Million
27-Jan-07,6,12,39,1,2,24,$1.9 Million
24-Jan-07,5,37,36,28,40,9,$1.8 Million
20-Jan-07,19,8,17,43,29,34,$1.7 Million
17-Jan-07,16,32,12,20,6,19,$1.6 Million
13-Jan-07,8,30,34,20,28,39,$1.5 Million
10-Jan-07,41,33,43,10,25,13,$1.4 Million
6-Jan-07,4,26,44,35,11,28,$1.3 Million
3-Jan-07,44,13,11,6,38,16,$1.2 Million
30-Dec-06,3,4,12,1,23,26,$1.1 Million
27-Dec-06,26,6,27,42,44,43,$1.0 Million
23-Dec-06,13,37,7,25,34,12,$3.7 Million
20-Dec-06,14,12,35,1,28,33,$3.5 Million
16-Dec-06,41,20,17,12,18,39,$3.4 Million
13-Dec-06,43,38,12,39,35,9,$3.2 Million
9-Dec-06,5,13,36,21,23,3,$3.0 Million
6-Dec-06,6,5,32,33,27,44,$2.9 Million
2-Dec-06,1,14,13,31,41,26,$2.7 Million
29-Nov-06,14,20,18,33,41,22,$2.5 Million
25-Nov-06,34,33,39,17,1,7,$2.3 Million
22-Nov-06,30,23,7,14,35,2,$2.2 Million
18-Nov-06,23,44,3,18,35,42,$2.1 Million
15-Nov-06,32,33,35,13,42,5,$2.0 Million
11-Nov-06,28,31,22,34,36,12,$1.9 Million
8-Nov-06,41,22,10,27,24,37,$1.8 Million
4-Nov-06,37,38,33,18,24,32,$1.7 Million
1-Nov-06,43,41,37,3,21,7,$1.6 Million
28-Oct-06,18,28,3,43,38,33,$1.5 Million
25-Oct-06,9,22,2,35,10,38,$1.4 Million
21-Oct-06,43,14,44,38,25,34,$1.3 Million
18-Oct-06,16,27,17,36,35,13,$1.2 Million
14-Oct-06,31,41,39,10,25,36,$1.1 Million
11-Oct-06,30,37,29,41,35,44,$1.0 Million
7-Oct-06,30,18,33,3,23,2,$3.8 Million
4-Oct-06,36,38,44,41,39,22,$3.6 Million
30-Sep-06,24,1,14,19,11,41,$3.4 Million
27-Sep-06,39,40,32,5,43,35,$3.2 Million
23-Sep-06,28,27,10,43,18,14,$3.0 Million
20-Sep-06,36,32,9,11,23,42,$2.8 Million
16-Sep-06,27,43,41,39,1,33,$2.6 Million
13-Sep-06,13,28,20,44,23,26,$2.4 Million
9-Sep-06,27,23,36,29,41,37,$2.2 Million
6-Sep-06,20,23,35,39,8,21,$2.1 Million
2-Sep-06,40,35,19,26,38,1,$2.0 Million
30-Aug-06,12,23,25,4,13,15,$1.9 Million
26-Aug-06,21,26,9,33,28,5,$1.8 Million
23-Aug-06,3,15,37,26,6,5,$1.7 Million
19-Aug-06,2,18,22,44,19,25,$1.6 Million
16-Aug-06,42,39,4,22,38,44,$1.5 Million
12-Aug-06,4,37,26,21,34,30,$1.4 Million
9-Aug-06,20,27,13,15,21,16,$1.3 Million
5-Aug-06,12,13,6,15,30,44,$1.2 Million
2-Aug-06,44,16,39,29,2,37,$1.1 Million
29-Jul-06,9,5,34,10,1,26,$1.0 Million
26-Jul-06,16,43,31,24,34,36,$5.5 Million
22-Jul-06,25,5,34,15,37,40,$5.3 Million
19-Jul-06,13,27,24,41,31,15,$5.1 Million
15-Jul-06,23,43,6,21,25,20,$4.9 Million
12-Jul-06,40,5,16,6,11,13,$4.6 Million
8-Jul-06,8,35,29,10,14,4,$4.4 Million
5-Jul-06,2,27,43,13,6,15,$4.2 Million
1-Jul-06,29,44,11,5,30,33,$4.0 Million
28-Jun-06,2,33,38,41,13,29,$3.7 Million
24-Jun-06,39,37,36,1,3,12,$3.5 Million
21-Jun-06,27,37,14,35,12,5,$3.3 Million
17-Jun-06,2,13,21,35,4,39,$3.1 Million
14-Jun-06,21,2,11,6,44,24,$2.9 Million
10-Jun-06,43,12,23,31,27,3,$2.7 Million
7-Jun-06,44,31,6,26,29,32,$2.5 Million
3-Jun-06,38,1,18,17,39,35,$2.4 Million
31-May-06,22,3,33,13,23,12,$2.2 Million
27-May-06,39,26,30,27,31,11,$2.0 Million
24-May-06,17,7,27,44,42,14,$1.9 Million
20-May-06,6,4,2,26,43,7,$1.8 Million
17-May-06,6,17,40,14,15,28,$1.7 Million
13-May-06,41,34,27,15,38,36,$1.6 Million
10-May-06,8,22,28,36,6,9,$1.5 Million
6-May-06,5,40,16,17,10,7,$1.4 Million
3-May-06,31,30,44,11,21,23,$1.3 Million
29-Apr-06,42,37,13,7,26,31,$1.2 Million
26-Apr-06,26,17,2,34,39,16,$1.1 Million
22-Apr-06,25,34,2,26,8,9,$1.0 Million
19-Apr-06,15,3,10,25,44,5,$2.6 Million
15-Apr-06,42,32,27,38,43,17,$2.4 Million
12-Apr-06,31,42,30,6,4,10,$2.2 Million
8-Apr-06,35,16,41,29,11,12,$2.0 Million
5-Apr-06,8,32,4,25,1,28,$1.9 Million
1-Apr-06,8,23,40,29,42,30,$1.8 Million
29-Mar-06,12,17,1,6,39,29,$1.7 Million
25-Mar-06,21,11,17,14,42,35,$1.6 Million
22-Mar-06,9,31,25,32,43,26,$1.5 Million
18-Mar-06,26,9,24,42,27,15,$1.4 Million
15-Mar-06,22,26,30,1,13,34,$1.3 Million
11-Mar-06,40,1,18,8,32,44,$1.2 Million
8-Mar-06,36,15,20,14,33,5,$1.1 Million
4-Mar-06,3,38,42,7,31,15,$1.0 Million
1-Mar-06,1,17,5,4,24,15,$1.6 Million
25-Feb-06,42,15,17,19,11,22,$1.5 Million
22-Feb-06,23,1,35,22,30,29,$1.4 Million
18-Feb-06,2,28,10,36,3,37,$1.3 Million
15-Feb-06,35,3,5,29,7,10,$1.2 Million
11-Feb-06,36,12,24,34,10,20,$1.1 Million
8-Feb-06,23,39,3,36,22,4,$1.0 Million
4-Feb-06,36,35,4,17,25,38,$8.1 Million
1-Feb-06,11,27,33,43,41,29,$7.7 Million
28-Jan-06,40,37,19,22,13,41,$7.5 Million
25-Jan-06,11,30,4,39,35,27,$7.1 Million
21-Jan-06,21,37,25,14,4,8,$6.9 Million
18-Jan-06,23,39,41,28,43,30,$6.6 Million
14-Jan-06,3,17,30,37,35,44,$6.4 Million
11-Jan-06,32,20,23,2,43,33,$6.1 Million
7-Jan-06,18,37,41,17,31,34,$5.9 Million
4-Jan-06,6,14,16,42,11,25,$5.7 Million
31-Dec-05,26,9,33,22,25,32,$5.5 Million
28-Dec-05,37,28,16,7,11,26,$5.2 Million
24-Dec-05,23,42,34,15,36,3,$5.0 Million
21-Dec-05,8,42,23,6,12,7,$4.7 Million
17-Dec-05,1,32,13,20,14,41,$4.5 Million
14-Dec-05,12,34,8,35,27,4,$4.3 Million
10-Dec-05,23,39,35,11,10,36,$4.1 Million
7-Dec-05,11,27,18,1,25,34,$3.9 Million
3-Dec-05,27,14,18,15,3,41,$3.7 Million
30-Nov-05,7,37,16,3,38,22,$3.5 Million
26-Nov-05,14,29,26,10,11,33,$3.3 Million
23-Nov-05,1,5,7,11,34,31,$3.1 Million
19-Nov-05,11,22,41,19,42,3,$2.9 Million
16-Nov-05,8,35,3,44,20,4,$2.7 Million
12-Nov-05,41,8,19,11,16,36,$2.5 Million
9-Nov-05,6,19,15,36,8,23,$2.3 Million
5-Nov-05,25,40,7,16,17,2,$2.2 Million
2-Nov-05,17,21,16,40,23,41,$2.1 Million
29-Oct-05,22,17,18,6,13,32,$2.0 Million
26-Oct-05,37,5,40,32,28,35,$1.9 Million
22-Oct-05,35,15,25,34,43,32,$1.8 Million
19-Oct-05,31,37,10,4,22,12,$1.7 Million
15-Oct-05,37,21,2,12,34,14,$1.6 Million
12-Oct-05,40,14,15,20,19,9,$1.5 Million
8-Oct-05,5,6,4,23,3,7,$1.4 Million
5-Oct-05,4,26,33,16,44,10,$1.3 Million
1-Oct-05,13,6,22,37,25,1,$1.2 Million
28-Sep-05,16,22,44,40,4,31,$1.1 Million
24-Sep-05,21,3,23,30,41,19,$1.0 Million
21-Sep-05,24,6,13,26,44,29,$6.7 Million
17-Sep-05,25,17,37,6,39,28,$6.5 Million
14-Sep-05,34,42,36,24,10,19,$6.2 Million
10-Sep-05,16,18,37,23,44,35,$6.0 Million
7-Sep-05,13,15,36,4,32,29,$5.7 Million
3-Sep-05,28,10,24,3,15,31,$5.5 Million
31-Aug-05,30,23,38,43,14,42,$5.3 Million
27-Aug-05,43,2,14,19,25,17,$5.1 Million
24-Aug-05,21,5,23,6,28,15,$4.8 Million
20-Aug-05,39,27,35,37,30,14,$4.5 Million
17-Aug-05,43,26,8,18,20,6,$4.2 Million
13-Aug-05,17,29,15,27,41,30,$4.0 Million
10-Aug-05,16,28,14,37,32,23,$3.8 Million
6-Aug-05,7,1,20,41,37,44,$3.6 Million
3-Aug-05,10,41,15,32,31,30,$3.3 Million
30-Jul-05,15,3,9,2,16,1,$3.2 Million
27-Jul-05,16,42,8,25,38,44,$3.0 Million
23-Jul-05,17,2,9,18,44,33,$2.9 Million
20-Jul-05,7,27,21,4,41,24,$2.7 Million
16-Jul-05,12,40,22,29,7,10,$2.6 Million
13-Jul-05,40,41,39,35,1,22,$2.4 Million
9-Jul-05,2,8,26,25,16,11,$2.3 Million
6-Jul-05,26,42,35,22,19,24,$2.2 Million
2-Jul-05,2,21,24,13,20,1,$2.1 Million
29-Jun-05,33,13,5,22,12,7,$2.0 Million
25-Jun-05,17,42,39,28,18,20,$1.9 Million
22-Jun-05,11,5,44,28,29,10,$1.8 Million
18-Jun-05,38,27,1,26,31,20,$1.7 Million
15-Jun-05,17,32,16,12,23,38,$1.6 Million
11-Jun-05,33,17,10,15,26,38,$1.5 Million
8-Jun-05,12,8,17,21,2,27,$1.4 Million
4-Jun-05,1,37,21,4,31,29,$1.3 Million
1-Jun-05,33,24,12,25,41,15,$1.2 Million
28-May-05,31,38,3,39,36,9,$1.1 Million
25-May-05,41,4,16,24,44,14,$1.0 Million
21-May-05,14,35,10,32,39,24,$2.1 Million
18-May-05,35,6,41,24,7,29,$2.0 Million
14-May-05,35,6,10,36,23,8,$1.9 Million
11-May-05,17,10,2,27,32,22,$1.8 Million
7-May-05,13,21,29,7,27,43,$1.7 Million
4-May-05,38,14,41,23,26,11,$1.6 Million
30-Apr-05,23,16,34,11,28,14,$1.5 Million
27-Apr-05,40,35,8,21,29,11,$1.4 Million
23-Apr-05,4,1,40,29,12,44,$1.3 Million
20-Apr-05,15,34,30,36,22,27,$1.2 Million
16-Apr-05,2,18,27,39,13,19,$1.1 Million
13-Apr-05,33,25,28,42,7,40,$1.0 Million
9-Apr-05,42,15,17,13,39,14,$1.3 Million
6-Apr-05,32,24,30,26,7,37,$1.2 Million
2-Apr-05,32,7,26,43,18,29,$1.1 Million
30-Mar-05,36,5,30,40,37,24,$1.0 Million
26-Mar-05,34,19,2,43,18,24,$1.4 Million
23-Mar-05,36,33,10,24,26,1,$1.3 Million
19-Mar-05,35,13,12,14,6,11,$1.2 Million
16-Mar-05,9,39,43,23,4,17,$1.1 Million
12-Mar-05,19,42,29,40,15,35,$1.0 Million
9-Mar-05,14,25,2,12,10,5,$1.4 Million
5-Mar-05,38,15,16,20,10,22,$1.3 Million
2-Mar-05,41,33,39,30,13,35,$1.2 Million
26-Feb-05,3,1,14,25,29,26,$1.1 Million
23-Feb-05,21,2,43,1,10,11,$1.0 Million
19-Feb-05,43,30,10,29,9,25,$2.6 Million
16-Feb-05,35,42,15,20,28,5,$2.4 Million
12-Feb-05,29,25,37,12,6,30,$2.3 Million
9-Feb-05,32,24,35,5,11,3,$2.2 Million
5-Feb-05,5,13,34,38,23,16,$2.1 Million
2-Feb-05,22,1,8,41,7,15,$2.0 Million
29-Jan-05,40,14,13,23,3,1,$1.9 Million
26-Jan-05,43,31,26,25,11,38,$1.8 Million
22-Jan-05,38,32,27,41,42,25,$1.7 Million
19-Jan-05,44,17,13,20,26,34,$1.6 Million
15-Jan-05,4,32,17,29,27,35,$1.5 Million
12-Jan-05,44,34,16,32,4,27,$1.4 Million
8-Jan-05,31,12,26,37,28,7,$1.3 Million
5-Jan-05,14,23,10,27,8,17,$1.2 Million
1-Jan-05,5,38,33,21,13,11,$1.1 Million
29-Dec-04,36,12,26,32,38,22,$1.0 Million
25-Dec-04,7,34,27,4,32,8,$1.3 Million
22-Dec-04,29,13,37,38,41,36,$1.2 Million
18-Dec-04,24,8,39,5,36,10,$1.1 Million
15-Dec-04,35,8,37,14,31,38,$1.0 Million
11-Dec-04,41,39,27,31,20,25,$2.7 Million
8-Dec-04,31,37,28,2,4,39,$2.4 Million
4-Dec-04,30,10,33,16,37,43,$2.3 Million
1-Dec-04,18,19,37,16,41,4,$2.2 Million
27-Nov-04,31,2,8,35,27,17,$2.1 Million
24-Nov-04,40,37,20,2,28,33,$2.0 Million
20-Nov-04,18,31,28,33,23,39,$1.9 Million
17-Nov-04,43,21,24,13,32,40,$1.8 Million
13-Nov-04,1,31,24,21,33,41,$1.7 Million
10-Nov-04,43,37,28,29,20,35,$1.6 Million
6-Nov-04,20,22,24,25,39,11,$1.5 Million
3-Nov-04,19,38,13,25,35,42,$1.4 Million
30-Oct-04,4,19,24,32,37,39,$1.3 Million
27-Oct-04,16,24,26,30,36,37,$1.2 Million
23-Oct-04,5,9,10,11,27,34,$1.1 Million
20-Oct-04,4,7,19,32,38,40,$1.0 Million
16-Oct-04,7,9,11,13,15,38,$1.7 Million
13-Oct-04,2,17,29,32,41,44,$1.6 Million
9-Oct-04,9,16,24,29,31,38,$1.5 Million
6-Oct-04,20,23,26,36,42,43,$1.4 Million
2-Oct-04,8,14,17,20,23,34,$1.3 Million
29-Sep-04,11,18,27,29,31,44,$1.2 Million
25-Sep-04,3,8,9,20,29,34,$1.1 Million
22-Sep-04,3,7,30,31,32,43,$1.0 Million
18-Sep-04,5,14,16,18,30,44,$3.1 Million
15-Sep-04,2,8,25,26,36,42,$2.8 Million
11-Sep-04,10,14,23,31,36,39,$2.7 Million
8-Sep-04,11,15,19,29,35,43,$2.5 Million
4-Sep-04,1,3,9,10,11,27,$2.4 Million
1-Sep-04,4,11,22,24,25,32,$2.2 Million
28-Aug-04,2,13,15,31,35,44,$2.1 Million
25-Aug-04,8,11,13,22,30,42,$2.0 Million
21-Aug-04,12,16,17,22,36,43,$1.9 Million
18-Aug-04,5,7,15,25,35,37,$1.8 Million
14-Aug-04,8,9,15,21,33,40,$1.7 Million
11-Aug-04,6,14,20,34,37,43,$1.6 Million
7-Aug-04,5,25,26,29,30,41,$1.5 Million
4-Aug-04,6,14,24,26,41,42,$1.4 Million
31-Jul-04,11,16,25,37,41,42,$1.3 Million
28-Jul-04,2,3,24,30,34,36,$1.2 Million
24-Jul-04,2,6,31,40,41,44,$1.1 Million
21-Jul-04,2,8,10,20,36,43,$1.0 Million
17-Jul-04,3,9,25,26,39,42,$1.0 Million
14-Jul-04,17,21,31,34,41,43,$11.5 Million
10-Jul-04,20,25,27,30,39,42,$11.2 Million
7-Jul-04,6,8,15,31,36,39,$10.8 Million
3-Jul-04,1,6,23,27,28,34,$10.4 Million
30-Jun-04,2,12,18,35,37,40,$10.1 Million
26-Jun-04,7,17,23,30,42,44,$9.7 Million
23-Jun-04,2,10,15,17,29,41,$9.4 Million
19-Jun-04,6,13,21,25,27,43,$9.1 Million
16-Jun-04,3,11,14,23,31,43,$8.8 Million
12-Jun-04,3,9,13,22,34,40,$8.4 Million
9-Jun-04,23,28,32,36,43,44,$8.1 Million
5-Jun-04,1,16,27,28,33,37,$7.8 Million
2-Jun-04,4,12,27,31,35,42,$7.5 Million
29-May-04,7,22,23,28,32,44,$7.2 Million
26-May-04,4,8,22,24,32,35,$6.9 Million
22-May-04,4,15,34,35,36,39,$6.7 Million
19-May-04,2,4,17,25,36,37,$6.4 Million
15-May-04,7,21,22,29,37,42,$6.2 Million
12-May-04,5,7,19,24,34,35,$5.8 Million
8-May-04,9,16,20,22,26,35,$5.5 Million
5-May-04,7,9,19,33,38,42,$5.2 Million
1-May-04,3,5,18,22,23,37,$5.0 Million
28-Apr-04,6,7,8,21,39,41,$4.7 Million
24-Apr-04,5,11,13,15,18,26,$4.5 Million
21-Apr-04,8,14,18,29,31,36,$4.2 Million
17-Apr-04,2,3,13,15,19,43,$4.0 Million
14-Apr-04,3,17,37,39,42,43,$3.7 Million
10-Apr-04,4,9,26,28,38,40,$3.6 Million
7-Apr-04,8,11,16,18,25,26,$3.4 Million
3-Apr-04,7,16,17,29,36,43,$3.3 Million
31-Mar-04,2,8,10,34,37,44,$3.1 Million
27-Mar-04,5,13,26,30,35,38,$3.0 Million
24-Mar-04,2,30,31,32,36,37,$2.7 Million
20-Mar-04,8,20,26,33,41,43,$2.6 Million
17-Mar-04,6,8,24,25,41,43,$2.5 Million
13-Mar-04,3,14,16,28,42,44,$2.4 Million
10-Mar-04,7,9,10,11,25,29,$2.2 Million
6-Mar-04,11,12,25,27,28,32,$2.1 Million
3-Mar-04,7,8,17,19,30,39,$2.0 Million
28-Feb-04,11,17,23,25,40,43,$1.9 Million
25-Feb-04,7,13,24,30,36,39,$1.8 Million
21-Feb-04,9,12,23,30,33,43,$1.7 Million
18-Feb-04,13,21,27,33,39,43,$1.6 Million
14-Feb-04,1,22,23,35,38,41,$1.5 Million
11-Feb-04,4,5,10,12,21,29,$1.4 Million
7-Feb-04,2,32,35,37,42,44,$1.3 Million
4-Feb-04,4,7,18,23,41,44,$1.2 Million
31-Jan-04,9,10,20,25,27,34,$1.1 Million
28-Jan-04,7,15,19,23,33,42,$1.0 Million
24-Jan-04,16,27,33,34,37,40,$1.6 Million
21-Jan-04,3,23,31,36,43,44,$1.5 Million
17-Jan-04,15,21,24,28,34,41,$1.4 Million
14-Jan-04,14,19,25,26,33,41,$1.3 Million
10-Jan-04,2,3,19,30,31,42,$1.2 Million
7-Jan-04,4,9,13,14,15,31,$1.1 Million
3-Jan-04,5,15,20,24,29,39,$1.0 Million
31-Dec-03,4,13,19,29,40,43,$1.5 Million
27-Dec-03,12,16,23,34,38,43,$1.4 Million
24-Dec-03,5,8,16,17,20,30,$1.3 Million
20-Dec-03,7,14,16,19,29,40,$1.2 Million
17-Dec-03,1,3,15,21,23,41,$1.1 Million
13-Dec-03,15,17,20,21,38,41,$1.0 Million
10-Dec-03,1,2,5,8,29,37,$3.4 Million
6-Dec-03,2,4,21,25,42,44,$3.3 Million
3-Dec-03,9,18,20,32,33,43,$3.1 Million
29-Nov-03,6,12,26,34,40,41,$3.0 Million
26-Nov-03,14,18,32,35,39,44,$2.7 Million
22-Nov-03,13,15,16,18,37,44,$2.6 Million
19-Nov-03,1,20,25,28,33,36,$2.4 Million
15-Nov-03,5,13,17,22,25,33,$2.3 Million
12-Nov-03,9,16,19,20,38,41,$2.2 Million
8-Nov-03,3,19,29,40,42,44,$2.1 Million
5-Nov-03,13,19,28,35,43,44,$2.0 Million
1-Nov-03,5,15,17,26,29,39,$1.9 Million
29-Oct-03,6,10,25,27,30,37,$1.8 Million
25-Oct-03,11,16,18,30,37,40,$1.7 Million
22-Oct-03,2,12,23,26,33,39,$1.6 Million
18-Oct-03,9,11,17,18,26,32,$1.5 Million
15-Oct-03,2,6,29,32,33,42,$1.4 Million
11-Oct-03,4,20,26,36,38,39,$1.3 Million
8-Oct-03,6,13,20,21,31,42,$1.2 Million
4-Oct-03,7,14,27,35,43,44,$1.1 Million
1-Oct-03,5,6,26,31,41,43,$1.0 Million
27-Sep-03,19,21,27,32,37,40,$2.5 Million
24-Sep-03,14,16,26,30,40,43,$2.3 Million
20-Sep-03,7,13,14,29,34,39,$2.2 Million
17-Sep-03,5,15,25,31,34,39,$2.1 Million
13-Sep-03,4,5,6,8,18,37,$2.0 Million
10-Sep-03,6,16,18,23,39,42,$1.9 Million
6-Sep-03,3,5,9,13,15,30,$1.8 Million
3-Sep-03,4,5,6,16,30,43,$1.7 Million
30-Aug-03,9,23,25,28,35,40,$1.6 Million
27-Aug-03,1,7,10,26,28,40,$1.5 Million
23-Aug-03,7,14,19,21,28,44,$1.4 Million
20-Aug-03,7,29,31,32,33,35,$1.3 Million
16-Aug-03,3,5,23,29,39,42,$1.2 Million
13-Aug-03,1,8,15,27,38,43,$1.1 Million
9-Aug-03,6,10,31,37,39,44,$1.0 Million
6-Aug-03,1,5,12,25,26,44,$3.9 Million
2-Aug-03,11,18,25,30,35,40,$3.7 Million
30-Jul-03,19,21,28,30,34,43,$3.5 Million
26-Jul-03,11,15,17,18,27,33,$3.2 Million
23-Jul-03,7,20,24,35,36,42,$3.0 Million
19-Jul-03,4,9,25,26,40,43,$2.9 Million
16-Jul-03,1,2,8,9,32,37,$2.7 Million
12-Jul-03,15,19,25,27,29,39,$2.4 Million
9-Jul-03,5,8,29,36,38,40,$2.2 Million
5-Jul-03,6,11,23,25,43,44,$2.1 Million
2-Jul-03,9,20,25,31,37,41,$2.0 Million
28-Jun-03,5,7,14,20,32,34,$1.9 Million
25-Jun-03,19,22,23,24,35,40,$1.8 Million
21-Jun-03,1,6,10,13,17,32,$1.7 Million
18-Jun-03,10,14,18,28,32,38,$1.6 Million
14-Jun-03,2,3,11,33,38,44,$1.5 Million
11-Jun-03,12,14,17,35,38,40,$1.4 Million
7-Jun-03,15,16,19,22,28,30,$1.3 Million
4-Jun-03,9,12,20,22,28,29,$1.2 Million
31-May-03,3,21,24,25,26,33,$1.1 Million
28-May-03,9,27,30,41,42,43,$1.0 Million
24-May-03,12,13,18,22,31,37,$1.5 Million
21-May-03,11,17,22,36,38,41,$1.4 Million
17-May-03,2,12,14,17,19,26,$1.3 Million
14-May-03,2,13,18,20,26,41,$1.2 Million
10-May-03,8,9,31,38,39,44,$1.1 Million
7-May-03,15,20,27,28,30,40,$1.0 Million
3-May-03,6,9,15,16,20,34,$1.8 Million
30-Apr-03,15,16,30,31,35,42,$1.7 Million
26-Apr-03,7,16,22,27,35,39,$1.6 Million
23-Apr-03,13,15,16,24,35,40,$1.5 Million
19-Apr-03,1,18,22,24,41,43,$1.4 Million
16-Apr-03,15,18,22,24,27,35,$1.3 Million
12-Apr-03,5,6,10,25,34,43,$1.2 Million
9-Apr-03,2,23,29,31,37,40,$1.1 Million
5-Apr-03,2,4,19,25,29,39,$1.0 Million
2-Apr-03,9,10,14,22,29,31,$1.4 Million
29-Mar-03,8,12,18,21,25,33,$1.3 Million
26-Mar-03,3,5,10,20,37,44,$1.2 Million
22-Mar-03,4,10,16,27,31,41,$1.1 Million
19-Mar-03,1,12,18,19,22,41,$1.0 Million
15-Mar-03,5,7,14,18,32,43,$6.5 Million
12-Mar-03,3,9,11,13,23,38,$6.2 Million
8-Mar-03,2,5,15,20,27,36,$5.9 Million
5-Mar-03,13,16,22,32,35,44,$5.6 Million
1-Mar-03,2,6,10,30,43,44,$5.3 Million
26-Feb-03,6,21,28,35,39,40,$5.0 Million
22-Feb-03,9,20,23,27,34,44,$4.8 Million
19-Feb-03,5,6,19,21,23,32,$4.5 Million
15-Feb-03,5,21,24,26,30,33,$4.3 Million
12-Feb-03,4,6,8,25,28,36,$4.1 Million
8-Feb-03,16,18,23,28,29,42,$3.8 Million
5-Feb-03,5,7,14,18,21,22,$3.6 Million
1-Feb-03,16,33,34,35,39,44,$3.3 Million
29-Jan-03,8,9,18,20,32,42,$3.1 Million
25-Jan-03,2,4,9,16,29,31,$3.0 Million
22-Jan-03,19,26,27,31,32,38,$2.7 Million
18-Jan-03,7,14,18,19,32,36,$2.6 Million
15-Jan-03,19,22,24,33,40,41,$2.4 Million
11-Jan-03,12,16,21,24,29,42,$2.1 Million
8-Jan-03,5,9,10,22,28,39,$2.0 Million
4-Jan-03,3,22,23,39,41,44,$1.9 Million
1-Jan-03,11,12,13,21,39,43,$1.8 Million
28-Dec-02,2,9,13,28,38,44,$1.7 Million
25-Dec-02,4,12,17,18,29,34,$1.6 Million
21-Dec-02,1,7,9,21,30,37,$1.5 Million
18-Dec-02,14,21,24,25,27,36,$1.4 Million
14-Dec-02,10,18,30,37,39,41,$1.3 Million
11-Dec-02,5,14,27,30,36,40,$1.2 Million
7-Dec-02,8,10,15,19,31,42,$1.1 Million
4-Dec-02,8,11,18,19,36,37,$1.0 Million
30-Nov-02,3,7,27,31,36,40,$2.4 Million
27-Nov-02,10,18,25,26,30,37,$2.3 Million
23-Nov-02,9,21,27,32,37,41,$2.2 Million
20-Nov-02,1,9,13,14,18,27,$2.1 Million
16-Nov-02,15,25,31,32,34,40,$2.0 Million
13-Nov-02,7,17,21,36,37,42,$1.9 Million
9-Nov-02,2,6,24,25,39,40,$1.8 Million
6-Nov-02,5,12,20,21,36,39,$1.7 Million
2-Nov-02,6,8,12,16,31,44,$1.6 Million
30-Oct-02,6,7,11,28,30,41,$1.5 Million
26-Oct-02,1,4,6,18,19,35,$1.4 Million
23-Oct-02,1,9,14,19,37,40,$1.3 Million
19-Oct-02,1,6,8,24,27,39,$1.2 Million
16-Oct-02,22,25,26,29,38,39,$1.1 Million
12-Oct-02,3,5,11,19,30,31,$1.0 Million
9-Oct-02,2,6,13,24,29,42,$3.1 Million
5-Oct-02,12,13,26,27,41,43,$2.9 Million
2-Oct-02,8,17,33,34,40,44,$2.7 Million
28-Sep-02,1,9,28,31,33,37,$2.6 Million
25-Sep-02,3,11,30,32,36,43,$2.5 Million
21-Sep-02,6,24,25,26,30,41,$2.4 Million
18-Sep-02,6,23,25,37,39,44,$2.3 Million
14-Sep-02,8,28,29,34,35,39,$2.2 Million
11-Sep-02,1,10,13,34,42,44,$2.1 Million
7-Sep-02,7,10,15,17,25,44,$2.0 Million
4-Sep-02,10,15,22,29,35,42,$1.9 Million
31-Aug-02,1,11,13,17,35,37,$1.8 Million
28-Aug-02,4,9,24,28,39,41,$1.7 Million
24-Aug-02,18,26,35,40,41,42,$1.6 Million
21-Aug-02,3,10,20,25,33,34,$1.5 Million
17-Aug-02,2,17,26,40,42,44,$1.4 Million
14-Aug-02,5,10,17,22,34,38,$1.3 Million
10-Aug-02,18,22,30,31,32,33,$1.2 Million
7-Aug-02,9,12,20,21,28,32,$1.1 Million
3-Aug-02,4,18,26,34,36,43,$1.0 Million
31-Jul-02,13,15,24,31,36,41,$2.8 Million
27-Jul-02,2,3,11,19,22,24,$2.7 Million
24-Jul-02,11,21,22,25,30,44,$2.5 Million
20-Jul-02,11,23,30,33,38,42,$2.4 Million
17-Jul-02,8,10,19,26,28,39,$2.3 Million
13-Jul-02,10,11,17,22,31,39,$2.2 Million
10-Jul-02,2,3,10,28,42,43,$2.1 Million
6-Jul-02,7,16,27,34,39,44,$2.0 Million
3-Jul-02,10,15,18,20,34,36,$1.9 Million
29-Jun-02,12,16,29,34,39,41,$1.8 Million
26-Jun-02,21,25,29,34,37,38,$1.7 Million
22-Jun-02,2,5,27,32,36,42,$1.6 Million
19-Jun-02,1,17,23,33,37,42,$1.5 Million
15-Jun-02,4,18,21,38,40,42,$1.4 Million
12-Jun-02,21,30,32,38,41,43,$1.3 Million
8-Jun-02,5,11,15,26,32,38,$1.2 Million
5-Jun-02,3,4,13,22,26,38,$1.1 Million
1-Jun-02,1,7,13,31,33,42,$1.0 Million
29-May-02,12,16,17,27,39,42,$1.2 Million
25-May-02,1,19,29,31,34,39,$1.1 Million
22-May-02,7,11,22,41,42,43,$1.0 Million
18-May-02,10,18,28,30,35,37,$1.2 Million
15-May-02,6,11,14,25,34,40,$1.1 Million
11-May-02,4,10,14,18,40,43,$1.0 Million
8-May-02,5,6,15,25,29,30,$1.3 Million
4-May-02,1,9,12,18,23,43,$1.2 Million
1-May-02,1,14,19,30,31,41,$1.1 Million
27-Apr-02,1,23,29,31,32,37,$1.0 Million
24-Apr-02,1,8,10,14,19,27,$1.8 Million
20-Apr-02,4,8,12,21,39,40,$1.7 Million
17-Apr-02,8,11,13,31,34,43,$1.6 Million
13-Apr-02,26,30,33,37,38,41,$1.5 Million
10-Apr-02,3,13,15,30,42,43,$1.4 Million
6-Apr-02,6,7,10,20,32,38,$1.3 Million
3-Apr-02,6,15,19,20,23,29,$1.2 Million
30-Mar-02,1,13,24,32,39,42,$1.1 Million
27-Mar-02,3,6,15,23,25,38,$1.0 Million
23-Mar-02,11,13,17,21,32,43,$4.2 Million
20-Mar-02,12,19,24,26,36,40,$4.0 Million
16-Mar-02,18,22,33,36,37,42,$3.8 Million
13-Mar-02,11,14,15,17,26,39,$3.5 Million
9-Mar-02,12,19,27,28,35,39,$3.3 Million
6-Mar-02,3,14,16,19,28,41,$3.0 Million
2-Mar-02,1,10,20,22,36,43,$2.9 Million
27-Feb-02,6,17,27,29,32,35,$2.6 Million
23-Feb-02,8,19,21,26,29,31,$2.5 Million
20-Feb-02,1,3,13,14,21,30,$2.4 Million
16-Feb-02,8,13,14,15,16,33,$2.3 Million
13-Feb-02,4,8,14,20,30,35,$2.2 Million
9-Feb-02,3,5,14,21,28,41,$2.1 Million
6-Feb-02,1,15,26,32,38,44,$2.0 Million
2-Feb-02,6,14,21,25,34,37,$1.9 Million
30-Jan-02,3,11,14,21,34,42,$1.8 Million
26-Jan-02,5,9,18,31,39,41,$1.7 Million
23-Jan-02,8,16,17,21,31,32,$1.6 Million
19-Jan-02,1,28,31,34,38,43,$1.5 Million
16-Jan-02,1,2,4,21,25,38,$1.4 Million
12-Jan-02,2,5,17,25,27,41,$1.3 Million
9-Jan-02,15,19,20,30,32,36,$1.2 Million
5-Jan-02,10,12,13,24,31,36,$1.1 Million
2-Jan-02,2,3,13,14,17,29,$1.0 Million
29-Dec-01,12,15,17,33,36,41,$1.1 Million
26-Dec-01,1,16,20,23,39,42,$1.0 Million
22-Dec-01,15,17,18,20,23,29,$4.9 Million
19-Dec-01,11,12,21,23,27,37,$4.6 Million
15-Dec-01,3,9,12,18,37,40,$4.5 Million
12-Dec-01,16,20,33,36,38,42,$4.3 Million
8-Dec-01,14,15,18,28,32,43,$4.1 Million
5-Dec-01,1,5,7,10,18,26,$3.9 Million
1-Dec-01,9,11,14,21,28,41,$3.7 Million
28-Nov-01,3,6,10,12,15,32,$3.5 Million
24-Nov-01,2,4,14,17,19,29,$3.4 Million
21-Nov-01,1,2,4,10,11,14,$3.2 Million
17-Nov-01,2,6,19,22,33,37,$3.1 Million
14-Nov-01,8,11,21,24,31,37,$2.9 Million
10-Nov-01,3,8,22,23,35,40,$2.7 Million
7-Nov-01,15,24,30,35,38,44,$2.6 Million
3-Nov-01,4,6,22,24,32,35,$2.5 Million
31-Oct-01,11,13,15,21,23,39,$2.4 Million
27-Oct-01,19,25,30,35,37,44,$2.3 Million
24-Oct-01,12,21,22,29,39,42,$2.2 Million
20-Oct-01,2,8,12,41,42,43,$2.1 Million
17-Oct-01,4,12,17,37,38,39,$2.0 Million
13-Oct-01,10,13,24,26,32,43,$1.9 Million
10-Oct-01,6,16,19,29,34,38,$1.8 Million
6-Oct-01,4,19,25,29,35,37,$1.7 Million
3-Oct-01,1,9,10,26,35,41,$1.6 Million
29-Sep-01,9,15,18,32,38,44,$1.5 Million
26-Sep-01,2,9,14,23,25,43,$1.4 Million
22-Sep-01,5,16,18,19,29,44,$1.3 Million
19-Sep-01,9,23,28,31,40,42,$1.2 Million
15-Sep-01,2,8,22,28,29,38,$1.1 Million
12-Sep-01,18,27,28,34,41,42,$1.0 Million
8-Sep-01,20,27,31,35,39,44,$1.7 Million
5-Sep-01,3,9,12,18,21,34,$1.6 Million
1-Sep-01,10,28,30,34,40,42,$1.5 Million
29-Aug-01,5,15,16,18,29,44,$1.4 Million
25-Aug-01,5,20,21,26,32,34,$1.3 Million
22-Aug-01,6,10,19,24,32,41,$1.2 Million
18-Aug-01,12,14,26,27,33,38,$1.1 Million
15-Aug-01,3,15,19,27,40,41,$1.0 Million
11-Aug-01,2,7,9,21,35,42,$2.0 Million
8-Aug-01,7,20,22,23,27,28,$1.9 Million
4-Aug-01,8,10,24,29,30,42,$1.8 Million
1-Aug-01,9,10,13,15,27,40,$1.7 Million
28-Jul-01,6,7,9,23,40,41,$1.6 Million
25-Jul-01,20,23,33,35,36,43,$1.5 Million
21-Jul-01,1,8,10,29,33,35,$1.4 Million
18-Jul-01,8,14,26,27,31,35,$1.3 Million
14-Jul-01,6,9,20,26,43,44,$1.2 Million
11-Jul-01,1,2,12,16,27,28,$1.1 Million
7-Jul-01,7,17,22,23,27,39,$1.0 Million
4-Jul-01,2,9,15,27,37,44,$4.0 Million
30-Jun-01,22,33,35,36,37,43,$3.9 Million
27-Jun-01,20,23,25,29,32,38,$3.6 Million
23-Jun-01,4,7,22,23,26,34,$3.5 Million
20-Jun-01,9,17,27,32,36,38,$3.2 Million
16-Jun-01,4,11,14,20,33,41,$3.1 Million
13-Jun-01,2,6,13,14,34,39,$2.9 Million
9-Jun-01,1,13,16,28,33,44,$2.7 Million
6-Jun-01,2,21,27,35,36,41,$2.5 Million
2-Jun-01,7,14,15,28,30,42,$2.4 Million
30-May-01,18,24,25,26,35,36,$2.3 Million
26-May-01,1,20,31,37,38,40,$2.2 Million
23-May-01,2,9,25,27,30,34,$2.1 Million
19-May-01,6,17,19,25,29,36,$2.0 Million
16-May-01,3,15,16,19,21,33,$1.9 Million
12-May-01,15,25,29,36,38,43,$1.8 Million
9-May-01,11,12,15,22,24,32,$1.7 Million
5-May-01,6,7,21,33,36,44,$1.6 Million
2-May-01,1,16,35,36,37,42,$1.5 Million
28-Apr-01,1,16,17,36,40,43,$1.4 Million
25-Apr-01,2,6,22,23,29,43,$1.3 Million
21-Apr-01,10,22,25,33,34,36,$1.2 Million
18-Apr-01,5,11,31,36,39,44,$1.1 Million
14-Apr-01,8,13,14,24,27,38,$1.0 Million
11-Apr-01,3,6,15,30,37,41,$2.1 Million
7-Apr-01,3,25,30,35,36,42,$2.0 Million
4-Apr-01,6,11,17,28,36,40,$1.9 Million
31-Mar-01,1,9,12,15,36,41,$1.8 Million
28-Mar-01,11,14,15,16,38,41,$1.7 Million
24-Mar-01,3,8,26,30,36,44,$1.6 Million
21-Mar-01,3,6,11,19,26,41,$1.5 Million
17-Mar-01,6,17,20,23,29,30,$1.4 Million
14-Mar-01,6,14,18,24,29,39,$1.3 Million
10-Mar-01,3,16,22,26,29,36,$1.2 Million
7-Mar-01,7,13,26,32,35,41,$1.1 Million
3-Mar-01,9,20,21,24,35,38,$1.0 Million
28-Feb-01,19,26,32,41,42,43,$1.5 Million
24-Feb-01,2,3,10,16,29,43,$1.4 Million
21-Feb-01,4,6,13,21,28,38,$1.3 Million
17-Feb-01,2,8,13,14,16,18,$1.2 Million
14-Feb-01,14,18,25,28,34,41,$1.1 Million
10-Feb-01,6,11,13,19,34,42,$1.0 Million
7-Feb-01,2,4,6,19,25,26,$2.7 Million
3-Feb-01,11,19,20,38,40,42,$2.6 Million
31-Jan-01,5,11,16,25,29,43,$2.4 Million
27-Jan-01,4,6,19,22,27,42,$2.3 Million
24-Jan-01,1,3,19,21,22,35,$2.2 Million
20-Jan-01,5,6,9,24,26,40,$2.1 Million
17-Jan-01,8,23,24,27,31,34,$2.0 Million
13-Jan-01,7,13,14,27,29,39,$1.9 Million
10-Jan-01,8,10,25,30,39,43,$1.8 Million
6-Jan-01,4,11,16,22,23,42,$1.7 Million
3-Jan-01,26,27,30,32,33,39,$1.6 Million
30-Dec-00,9,18,26,30,31,32,$1.5 Million
27-Dec-00,3,8,22,25,39,41,$1.4 Million
23-Dec-00,6,14,16,26,27,44,$1.3 Million
20-Dec-00,11,20,30,36,37,40,$1.2 Million
16-Dec-00,3,4,13,20,32,37,$1.1 Million
13-Dec-00,12,13,17,24,28,44,$1.0 Million
9-Dec-00,4,18,26,41,42,44,$3.8 Million
6-Dec-00,7,8,18,20,24,39,$3.5 Million
2-Dec-00,14,24,26,30,31,38,$3.4 Million
29-Nov-00,8,18,20,26,33,37,$3.1 Million
25-Nov-00,4,10,16,23,26,37,$2.9 Million
22-Nov-00,3,8,24,39,41,44,$2.7 Million
18-Nov-00,3,11,19,29,36,43,$2.5 Million
15-Nov-00,6,7,16,19,25,32,$2.3 Million
11-Nov-00,1,3,18,21,23,34,$2.2 Million
8-Nov-00,2,19,24,25,29,38,$2.0 Million
4-Nov-00,1,2,5,19,32,36,$1.9 Million
1-Nov-00,5,9,10,27,28,40,$1.8 Million
28-Oct-00,4,8,23,33,37,38,$1.7 Million
25-Oct-00,1,3,14,15,19,38,$1.6 Million
21-Oct-00,5,10,18,22,25,27,$1.5 Million
18-Oct-00,11,15,16,31,32,35,$1.4 Million
14-Oct-00,2,15,16,27,28,32,$1.3 Million
11-Oct-00,7,17,18,20,27,41,$1.2 Million
7-Oct-00,1,6,29,37,38,41,$1.1 Million
4-Oct-00,11,22,34,35,37,38,$1.0 Million
30-Sep-00,5,9,13,25,32,44,$6.8 Million
27-Sep-00,17,20,34,36,37,42,$6.5 Million
23-Sep-00,3,9,13,18,19,42,$6.4 Million
20-Sep-00,2,7,13,14,15,35,$6.1 Million
16-Sep-00,1,7,18,23,34,42,$5.9 Million
13-Sep-00,4,12,15,17,33,35,$5.6 Million
9-Sep-00,9,13,21,31,36,39,$5.4 Million
6-Sep-00,13,18,22,24,28,42,$5.1 Million
2-Sep-00,1,4,7,13,26,40,$5.0 Million
30-Aug-00,2,12,14,35,38,43,$4.7 Million
26-Aug-00,7,19,20,21,24,31,$4.5 Million
23-Aug-00,21,22,24,25,27,44,$4.3 Million
19-Aug-00,13,21,33,39,40,42,$4.1 Million
16-Aug-00,7,12,21,24,29,35,$3.8 Million
12-Aug-00,1,7,10,11,14,25,$3.7 Million
9-Aug-00,2,6,17,27,39,41,$3.4 Million
5-Aug-00,1,2,8,10,22,33,$3.3 Million
2-Aug-00,13,15,22,28,30,39,$3.0 Million
29-Jul-00,7,12,13,30,31,39,$2.9 Million
26-Jul-00,3,10,21,26,39,41,$2.6 Million
22-Jul-00,5,26,27,29,31,38,$2.4 Million
19-Jul-00,2,12,21,22,27,34,$2.2 Million
15-Jul-00,9,10,13,16,24,39,$2.0 Million
12-Jul-00,1,8,21,27,34,37,$1.8 Million
8-Jul-00,4,14,15,17,21,32,$1.7 Million
5-Jul-00,6,7,25,30,33,42,$1.4 Million
1-Jul-00,8,10,12,35,36,39,$1.3 Million
28-Jun-00,2,5,9,11,26,36,$1.1 Million
24-Jun-00,3,5,6,27,38,43,$1.0 Million
21-Jun-00,8,11,22,28,34,42,$1.2 Million
17-Jun-00,10,13,22,29,30,35,$1.1 Million
14-Jun-00,2,4,16,19,23,30,$1.0 Million
10-Jun-00,4,9,12,18,25,28,$19.0 Million
7-Jun-00,4,7,12,23,39,44,$18.5 Million
3-Jun-00,2,4,22,26,32,33,$18.2 Million
31-May-00,17,25,35,37,42,43,$17.6 Million
27-May-00,1,8,22,26,35,40,$17.3 Million
24-May-00,3,14,15,19,22,28,$16.7 Million
20-May-00,3,4,5,12,27,36,$16.3 Million
17-May-00,3,4,18,26,27,29,$15.8 Million
13-May-00,4,7,28,30,39,40,$15.4 Million
10-May-00,12,20,22,23,28,36,$14.7 Million
6-May-00,3,12,14,19,37,38,$14.2 Million
3-May-00,1,7,20,26,40,43,$13.8 Million
29-Apr-00,1,9,16,21,23,31,$13.5 Million
26-Apr-00,4,13,16,28,29,32,$13.0 Million
22-Apr-00,1,3,7,14,25,31,$12.7 Million
19-Apr-00,6,22,27,33,40,42,$12.3 Million
15-Apr-00,3,18,19,22,24,39,$12.0 Million
12-Apr-00,1,3,15,24,35,38,$11.5 Million
8-Apr-00,12,15,18,24,39,41,$11.2 Million
5-Apr-00,27,29,32,35,36,38,$10.7 Million
1-Apr-00,3,20,32,33,37,40,$10.4 Million
29-Mar-00,5,7,14,36,39,40,$10.0 Million
25-Mar-00,8,11,22,28,29,36,$9.7 Million
22-Mar-00,1,12,18,24,29,41,$9.2 Million
18-Mar-00,3,8,15,23,31,44,$9.0 Million
15-Mar-00,5,15,18,20,23,44,$8.7 Million
11-Mar-00,4,5,7,9,17,26,$8.5 Million
8-Mar-00,3,7,22,30,42,43,$7.7 Million
4-Mar-00,4,5,8,21,26,39,$7.2 Million
1-Mar-00,3,7,16,25,35,36,$6.7 Million
26-Feb-00,17,20,21,26,30,41,$6.4 Million
23-Feb-00,3,7,10,17,22,39,$6.0 Million
19-Feb-00,8,21,23,29,35,40,$5.8 Million
16-Feb-00,1,12,14,24,29,37,$5.4 Million
12-Feb-00,6,11,16,40,43,44,$5.3 Million
9-Feb-00,10,17,19,27,33,44,$4.9 Million
5-Feb-00,9,14,21,35,36,43,$4.7 Million
2-Feb-00,1,7,14,30,36,37,$4.5 Million
29-Jan-00,2,9,13,15,25,27,$4.3 Million
26-Jan-00,6,7,12,15,36,42,$4.0 Million
22-Jan-00,21,22,25,26,29,38,$3.9 Million
19-Jan-00,12,21,24,30,40,43,$3.6 Million
15-Jan-00,1,2,5,14,22,24,$3.4 Million
12-Jan-00,19,29,32,34,36,44,$3.1 Million
8-Jan-00,5,16,19,21,41,43,$2.9 Million
5-Jan-00,6,10,21,28,32,37,$2.6 Million
1-Jan-00,21,34,35,38,41,44,$2.4 Million
29-Dec-99,13,14,16,32,41,43,$2.2 Million
25-Dec-99,7,20,28,31,42,43,$2.1 Million
22-Dec-99,1,5,13,19,31,34,$1.8 Million
18-Dec-99,11,17,19,26,28,44,$1.7 Million
15-Dec-99,2,4,13,16,36,44,$1.5 Million
11-Dec-99,2,3,6,15,23,30,$1.4 Million
8-Dec-99,5,8,9,21,34,38,$1.3 Million
4-Dec-99,1,6,23,24,38,44,$1.2 Million
1-Dec-99,3,12,16,22,24,38,$1.1 Million
27-Nov-99,13,14,25,36,41,43,$1.0 Million
24-Nov-99,18,25,30,34,41,44,$2.5 Million
20-Nov-99,10,15,16,36,38,40,$2.4 Million
17-Nov-99,3,6,11,23,27,33,$2.3 Million
13-Nov-99,3,17,19,24,30,38,$2.2 Million
10-Nov-99,9,12,20,26,36,41,$2.0 Million
6-Nov-99,2,6,30,37,40,44,$1.9 Million
3-Nov-99,16,17,25,36,41,43,$1.8 Million
30-Oct-99,3,9,29,36,38,39,$1.7 Million
27-Oct-99,5,13,36,41,43,44,$1.6 Million
23-Oct-99,3,14,16,20,27,31,$1.5 Million
20-Oct-99,9,15,19,29,30,37,$1.4 Million
16-Oct-99,4,9,21,26,31,32,$1.3 Million
13-Oct-99,4,9,10,12,22,35,$1.2 Million
9-Oct-99,9,11,16,20,34,42,$1.1 Million
6-Oct-99,8,23,24,35,41,43,$1.0 Million
2-Oct-99,3,7,16,21,29,34,$4.3 Million
29-Sep-99,2,14,19,22,30,32,$4.1 Million
25-Sep-99,4,6,13,18,21,32,$3.6 Million
22-Sep-99,1,6,9,19,24,36,$3.6 Million
18-Sep-99,11,13,24,25,36,37,$3.4 Million
15-Sep-99,7,11,13,16,17,34,$3.3 Million
11-Sep-99,2,10,14,27,39,43,$3.2 Million
8-Sep-99,4,7,14,17,37,44,$3.0 Million
4-Sep-99,2,6,9,12,25,26,$2.8 Million
1-Sep-99,3,11,13,19,21,32,$2.6 Million
28-Aug-99,2,10,11,30,36,43,$2.4 Million
25-Aug-99,7,13,19,28,38,39,$2.2 Million
21-Aug-99,1,13,19,23,39,41,$2.1 Million
18-Aug-99,1,8,13,29,30,41,$2.0 Million
14-Aug-99,4,5,7,17,22,41,$1.9 Million
11-Aug-99,4,6,8,11,13,25,$1.8 Million
7-Aug-99,2,17,21,39,40,42,$1.7 Million
4-Aug-99,3,7,8,20,26,35,$1.6 Million
31-Jul-99,2,3,7,10,19,31,$1.5 Million
28-Jul-99,2,3,16,25,27,33,$1.4 Million
24-Jul-99,6,19,26,30,36,37,$1.3 Million
21-Jul-99,9,24,26,30,31,44,$1.2 Million
17-Jul-99,5,7,20,21,31,35,$1.1 Million
14-Jul-99,10,12,16,33,38,41,$1.0 Million
10-Jul-99,21,26,28,29,32,34,$1.8 Million
7-Jul-99,2,3,5,12,25,30,$1.7 Million
3-Jul-99,6,10,12,20,22,39,$1.6 Million
30-Jun-99,7,9,11,17,25,32,$1.5 Million
26-Jun-99,10,21,26,28,32,33,$1.4 Million
23-Jun-99,3,4,17,22,25,38,$1.3 Million
19-Jun-99,12,13,19,22,23,34,$1.2 Million
16-Jun-99,7,11,21,22,28,44,$1.1 Million
12-Jun-99,5,14,22,25,40,41,$1.0 Million
9-Jun-99,19,24,29,33,38,39,$3.9 Million
5-Jun-99,14,17,26,31,33,34,$3.7 Million
2-Jun-99,2,3,9,11,18,22,$3.5 Million
29-May-99,11,25,29,33,35,39,$3.4 Million
26-May-99,8,24,27,30,32,42,$3.2 Million
22-May-99,5,14,22,23,29,39,$3.1 Million
19-May-99,18,19,21,24,25,38,$2.8 Million
15-May-99,8,15,17,21,23,27,$2.7 Million
12-May-99,5,19,23,24,26,38,$2.5 Million
8-May-99,6,13,32,34,36,37,$2.3 Million
5-May-99,2,8,20,31,36,40,$2.2 Million
1-May-99,13,19,20,24,29,41,$2.1 Million
28-Apr-99,12,15,16,23,26,33,$2.0 Million
24-Apr-99,3,11,23,27,31,42,$1.9 Million
21-Apr-99,4,9,19,21,23,25,$1.8 Million
17-Apr-99,12,14,19,22,38,41,$1.7 Million
14-Apr-99,1,5,6,18,20,37,$1.6 Million
10-Apr-99,8,14,18,23,27,34,$1.5 Million
7-Apr-99,4,5,17,20,35,40,$1.4 Million
3-Apr-99,3,6,37,38,39,41,$1.3 Million
31-Mar-99,3,5,6,19,30,40,$1.2 Million
27-Mar-99,1,10,21,29,31,41,$1.1 Million
24-Mar-99,4,18,21,30,31,39,$1.0 Million
20-Mar-99,2,5,22,23,32,41,$1.5 Million
17-Mar-99,1,6,13,14,26,31,$1.4 Million
13-Mar-99,7,13,15,17,34,43,$1.3 Million
10-Mar-99,5,11,27,34,35,43,$1.2 Million
6-Mar-99,6,7,18,22,31,33,$1.1 Million
3-Mar-99,1,14,16,21,26,32,$1.0 Million
27-Feb-99,2,5,8,17,21,29,$1.1 Million
24-Feb-99,1,9,13,35,39,40,$1.0 Million
20-Feb-99,17,24,28,30,31,33,$1.7 Million
17-Feb-99,1,10,11,12,22,37,$1.6 Million
13-Feb-99,10,13,20,31,35,37,$1.5 Million
10-Feb-99,10,12,14,21,22,41,$1.4 Million
6-Feb-99,2,7,18,23,24,40,$1.3 Million
3-Feb-99,5,10,13,18,20,28,$1.2 Million
30-Jan-99,11,17,20,21,29,35,$1.1 Million
27-Jan-99,6,7,16,24,31,43,$1.0 Million
23-Jan-99,1,19,33,36,37,39,$2.8 Million
20-Jan-99,2,8,9,17,27,28,$2.6 Million
16-Jan-99,2,4,12,13,22,43,$2.5 Million
13-Jan-99,7,18,24,31,32,36,$2.4 Million
9-Jan-99,7,16,17,35,39,41,$2.3 Million
6-Jan-99,1,8,16,25,30,39,$2.2 Million
2-Jan-99,6,9,21,25,26,35,$2.1 Million
30-Dec-98,10,11,12,16,29,38,$2.0 Million
26-Dec-98,2,11,16,19,30,32,$1.9 Million
23-Dec-98,6,17,27,30,36,44,$1.8 Million
19-Dec-98,1,21,27,32,42,43,$1.7 Million
16-Dec-98,8,10,12,13,25,43,$1.6 Million
12-Dec-98,1,10,13,15,20,25,$1.5 Million
9-Dec-98,2,15,18,21,31,43,$1.4 Million
5-Dec-98,9,10,14,20,24,43,$1.3 Million
2-Dec-98,7,9,18,31,40,43,$1.2 Million
28-Nov-98,3,8,30,33,35,40,$1.1 Million
25-Nov-98,4,11,15,19,22,32,$1.0 Million
21-Nov-98,3,6,11,14,25,32,$3.1 Million
18-Nov-98,19,21,23,26,27,42,$3.0 Million
14-Nov-98,23,26,28,31,33,36,$2.8 Million
11-Nov-98,5,8,21,22,26,32,$2.6 Million
7-Nov-98,1,12,13,15,33,37,$2.4 Million
4-Nov-98,13,15,21,24,38,39,$2.3 Million
31-Oct-98,3,6,16,32,33,35,$2.2 Million
28-Oct-98,6,8,13,15,18,25,$2.1 Million
24-Oct-98,2,8,12,26,37,42,$2.0 Million
21-Oct-98,3,9,15,18,20,23,$1.9 Million
17-Oct-98,1,4,16,17,38,44,$1.8 Million
14-Oct-98,4,5,10,18,28,34,$1.7 Million
10-Oct-98,6,15,21,27,30,44,$1.6 Million
7-Oct-98,9,14,16,25,30,39,$1.5 Million
3-Oct-98,3,11,23,30,36,43,$1.4 Million
30-Sep-98,3,14,16,19,20,36,$1.3 Million
26-Sep-98,11,14,18,27,34,39,$1.2 Million
23-Sep-98,5,13,26,29,40,41,$1.1 Million
19-Sep-98,5,13,18,21,24,44,$1.0 Million
16-Sep-98,3,15,16,21,23,30,$1.7 Million
12-Sep-98,10,20,24,25,35,37,$1.6 Million
9-Sep-98,5,6,13,18,21,28,$1.5 Million
5-Sep-98,12,14,23,36,38,42,$1.4 Million
2-Sep-98,2,9,13,19,23,32,$1.3 Million
29-Aug-98,10,19,21,31,39,40,$1.2 Million
26-Aug-98,2,3,20,27,41,43,$1.1 Million
22-Aug-98,4,9,11,19,29,41,$1.0 Million
19-Aug-98,5,10,13,19,34,43,$1.4 Million
15-Aug-98,2,7,8,9,27,38,$1.3 Million
12-Aug-98,9,12,17,24,26,41,$1.2 Million
8-Aug-98,18,20,21,31,40,44,$1.1 Million
5-Aug-98,1,4,9,14,22,31,$1.0 Million
1-Aug-98,4,9,25,29,37,44,$1.3 Million
29-Jul-98,19,27,35,38,40,44,$1.2 Million
25-Jul-98,1,3,19,27,40,44,$1.1 Million
22-Jul-98,6,13,18,31,35,41,$1.0 Million
18-Jul-98,5,7,11,21,30,36,$2.3 Million
15-Jul-98,8,9,17,25,34,40,$2.1 Million
11-Jul-98,3,15,21,26,32,34,$2.0 Million
8-Jul-98,7,17,22,36,38,42,$1.9 Million
4-Jul-98,2,6,21,23,41,43,$1.8 Million
1-Jul-98,1,9,20,29,31,35,$1.7 Million
27-Jun-98,1,12,18,19,36,43,$1.6 Million
24-Jun-98,6,13,14,21,32,40,$1.5 Million
20-Jun-98,5,15,16,23,39,41,$1.4 Million
17-Jun-98,16,22,23,24,25,44,$1.3 Million
13-Jun-98,2,5,6,14,37,40,$1.2 Million
10-Jun-98,10,16,25,27,32,34,$1.1 Million
6-Jun-98,2,6,9,12,13,14,$1.0 Million
3-Jun-98,10,20,25,31,40,43,$4.9 Million
30-May-98,5,6,7,26,36,41,$4.7 Million
27-May-98,13,14,17,30,32,34,$4.5 Million
23-May-98,5,7,15,18,37,44,$4.3 Million
20-May-98,1,16,31,36,37,42,$4.0 Million
16-May-98,2,33,34,36,41,44,$3.7 Million
13-May-98,12,13,15,16,33,40,$3.5 Million
9-May-98,13,14,28,33,37,42,$3.3 Million
6-May-98,12,14,18,21,31,36,$3.0 Million
2-May-98,6,16,18,22,23,27,$2.9 Million
29-Apr-98,4,6,11,16,17,35,$2.7 Million
25-Apr-98,1,7,12,19,23,29,$2.5 Million
22-Apr-98,3,9,29,32,34,36,$2.4 Million
18-Apr-98,3,4,8,22,40,41,$2.2 Million
15-Apr-98,17,19,20,35,38,44,$2.1 Million
11-Apr-98,18,21,24,30,35,44,$2.0 Million
8-Apr-98,5,8,17,22,23,39,$1.9 Million
4-Apr-98,4,14,18,25,37,42,$1.8 Million
1-Apr-98,5,11,14,28,32,38,$1.7 Million
28-Mar-98,12,22,23,24,25,42,$1.6 Million
25-Mar-98,3,4,14,23,24,29,$1.5 Million
21-Mar-98,13,20,33,36,41,43,$1.4 Million
18-Mar-98,2,7,12,20,24,28,$1.3 Million
14-Mar-98,29,31,34,37,39,44,$1.2 Million
11-Mar-98,3,8,9,22,26,32,$1.1 Million
7-Mar-98,6,10,27,32,35,43,$1.0 Million
4-Mar-98,4,5,8,22,33,37,$4.1 Million
28-Feb-98,4,6,24,32,39,40,$3.9 Million
25-Feb-98,7,15,26,30,37,44,$3.6 Million
21-Feb-98,3,5,6,12,16,21,$3.4 Million
18-Feb-98,19,33,37,39,41,44,$3.2 Million
14-Feb-98,6,11,14,24,27,37,$2.8 Million
11-Feb-98,12,26,27,28,33,39,$2.6 Million
7-Feb-98,11,14,15,18,21,40,$2.5 Million
4-Feb-98,6,21,26,27,33,39,$2.3 Million
31-Jan-98,8,15,24,36,38,40,$2.1 Million
28-Jan-98,18,20,23,25,35,39,$2.0 Million
24-Jan-98,2,10,22,24,27,41,$1.9 Million
21-Jan-98,8,13,19,28,39,41,$1.7 Million
17-Jan-98,11,12,20,30,32,44,$1.6 Million
14-Jan-98,14,19,23,34,36,41,$1.4 Million
10-Jan-98,12,22,23,26,27,43,$1.3 Million
7-Jan-98,7,18,28,35,38,42,$1.1 Million
3-Jan-98,3,15,20,21,36,40,$1.0 Million
